Div,Date,Time,HomeTeam,AwayTeam,FTHG,FTAG,FTR,HTHG,HTAG,HTR,HS,AS,HST,AST,HF,AF,HC,AC,HY,AY,HR,AR,B365H,B365D,B365A,BWH,BWD,BWA,IWH,IWD,IWA,PSH,PSD,PSA,WHH,WHD,WHA,VCH,VCD,VCA,MaxH,MaxD,MaxA,AvgH,AvgD,AvgA,B365>2.5,B365<2.5,P>2.5,P<2.5,Max>2.5,Max<2.5,Avg>2.5,Avg<2.5,AHh,B365AHH,B365AHA,PAHH,PAHA,MaxAHH,MaxAHA,AvgAHH,AvgAHA,B365CH,B365CD,B365CA,BWCH,BWCD,BWCA,IWCH,IWCD,IWCA,PSCH,PSCD,PSCA,WHCH,WHCD,WHCA,VCCH,VCCD,VCCA,MaxCH,MaxCD,MaxCA,AvgCH,AvgCD,AvgCA,B365C>2.5,B365C<2.5,PC>2.5,PC<2.5,MaxC>2.5,MaxC<2.5,AvgC>2.5,AvgC<2.5,AHCh,B365CAHH,B365CAHA,PCAHH,PCAHA,MaxCAHH,MaxCAHA,AvgCAHH,AvgCAHA
D2,28/07/2023,19:30,Hamburg,Schalke 04,5,3,H,1,2,A,31,11,14,6,10,13,9,3,3,3,0,1,2.38,3.75,2.7,2.37,3.6,2.75,2.4,3.6,2.75,2.43,3.81,2.83,2.15,3.4,2.75,2.38,3.6,2.7,2.46,3.81,2.95,2.35,3.64,2.76,1.5,2.5,1.53,2.63,1.56,2.66,1.51,2.5,-0.25,2.05,1.75,2.11,1.8,2.16,1.84,2.04,1.78,2.38,3.8,2.63,2.37,3.7,2.7,2.5,3.5,2.7,2.47,3.77,2.8,2.25,3.4,2.6,2.3,3.8,2.63,2.5,3.84,2.84,2.38,3.67,2.69,1.48,2.6,1.51,2.66,1.51,2.88,1.47,2.62,-0.25,2.05,1.75,2.14,1.78,2.14,1.82,2.07,1.75
D2,29/07/2023,12:00,Hannover,Elversberg,2,2,D,1,2,A,10,23,4,9,5,18,3,6,3,4,0,0,2.1,3.6,3.3,2.15,3.75,3.1,2.15,3.7,3.1,2.12,3.88,3.34,2,3.5,2.9,2.05,3.6,3.2,2.21,3.88,3.36,2.09,3.69,3.17,1.62,2.25,1.66,2.31,1.69,2.32,1.64,2.23,-0.25,1.83,2.03,1.86,2.06,1.91,2.06,1.82,1.98,1.95,3.75,3.6,2,3.75,3.4,2,3.7,3.45,1.96,4.09,3.65,1.91,3.6,3.1,1.95,3.9,3.3,2.19,4.09,3.83,2,3.79,3.35,1.53,2.4,1.58,2.5,1.63,2.53,1.56,2.39,-0.5,1.95,1.9,1.96,1.94,2.09,1.95,2,1.82
D2,29/07/2023,12:00,Kaiserslautern,St Pauli,1,2,A,0,0,D,10,14,3,5,11,10,3,5,2,1,0,0,3.1,3.5,2.25,3,3.5,2.25,3,3.45,2.3,3.19,3.5,2.33,3,3.25,2.05,3,3.5,2.2,3.25,3.56,2.33,3.05,3.46,2.23,1.83,2.03,1.83,2.05,1.87,2.14,1.78,2.01,0.25,1.85,2,1.9,2.01,1.96,2.04,1.86,1.93,3.1,3.1,2.45,3.1,3.1,2.4,2.95,3.15,2.5,3.27,3.12,2.5,2.88,3,2.25,3,3.13,2.38,3.29,3.43,2.5,3.05,3.14,2.41,2.35,1.57,2.42,1.61,2.47,2,2.23,1.66,0.25,1.8,2.05,1.81,2.11,1.86,2.13,1.77,2.05
D2,29/07/2023,12:00,Osnabruck,Karlsruhe,2,3,A,1,2,A,18,14,7,8,11,9,4,9,3,2,1,0,2.8,3.75,2.3,2.8,3.7,2.3,2.85,3.65,2.3,2.94,3.75,2.38,2.6,3.3,2.3,2.75,3.6,2.3,2.94,3.75,2.43,2.79,3.6,2.32,1.6,2.3,1.65,2.34,1.65,2.41,1.6,2.28,0.25,1.83,2.03,1.85,2.07,1.85,2.13,1.78,2.02,3.1,3.8,2.15,3.1,3.7,2.15,3.05,3.65,2.2,3.19,3.84,2.2,2.9,3.4,2.05,3,3.7,2.1,3.28,3.84,2.32,3.03,3.66,2.18,1.57,2.35,1.62,2.41,1.63,2.47,1.58,2.33,0.25,1.95,1.9,1.98,1.93,2.03,2.01,1.9,1.9
D2,29/07/2023,12:00,Wehen,Magdeburg,1,1,D,0,1,A,9,11,1,3,10,18,3,2,2,3,1,0,2.88,3.75,2.25,2.8,3.6,2.35,2.9,3.6,2.3,2.91,3.8,2.37,2.75,3.4,2.15,2.75,3.6,2.3,2.95,3.8,2.38,2.82,3.62,2.3,1.62,2.25,1.66,2.32,1.67,2.32,1.63,2.24,0.25,1.8,2.05,1.85,2.07,1.85,2.12,1.8,2.01,3,3.6,2.2,2.95,3.7,2.25,3,3.65,2.2,3.09,3.75,2.28,2.88,3.5,2.05,2.9,3.75,2.15,3.22,3.8,2.37,2.95,3.63,2.23,1.6,2.3,1.65,2.3,1.68,2.36,1.63,2.25,0.25,1.9,1.95,1.92,1.99,1.95,2.03,1.86,1.94
D2,29/07/2023,19:30,Fortuna Dusseldorf,Hertha,1,0,H,0,0,D,9,12,2,4,13,11,7,8,3,2,0,0,2.3,3.6,2.88,2.35,3.6,2.8,2.35,3.55,2.85,2.32,3.59,3.13,2.3,3.25,2.6,2.3,3.5,2.8,2.43,3.66,3.13,2.3,3.5,2.89,1.7,2.1,1.76,2.16,1.79,2.22,1.7,2.12,-0.25,2.03,1.83,2.01,1.89,2.11,1.89,1.99,1.81,2.05,3.6,3.25,2.15,3.6,3.1,2.2,3.6,3.05,2.15,3.74,3.39,2,3.4,3,2.05,3.7,3.13,2.2,3.74,3.47,2.09,3.6,3.26,1.7,2.1,1.74,2.18,1.77,2.25,1.7,2.14,-0.25,1.83,2.03,1.87,2.04,1.89,2.08,1.82,2
D2,30/07/2023,12:30,Braunschweig,Holstein Kiel,0,1,A,0,0,D,9,15,2,4,10,13,4,10,3,1,1,0,2.55,3.8,2.5,2.5,3.6,2.6,2.55,3.65,2.55,2.66,3.83,2.56,2.38,3.4,2.45,2.55,3.6,2.5,2.66,3.83,2.65,2.56,3.61,2.51,1.53,2.4,1.59,2.47,1.59,2.55,1.54,2.41,0,1.95,1.9,1.99,1.92,1.99,1.98,1.92,1.88,2.3,3.8,2.75,2.45,3.5,2.7,2.45,3.6,2.75,2.35,3.72,2.99,2.25,3.3,2.62,2.3,3.6,2.7,2.66,3.81,3.01,2.4,3.58,2.73,1.65,2.2,1.67,2.31,1.67,2.46,1.61,2.28,0,1.7,2.1,1.74,2.21,1.89,2.25,1.78,2.04
D2,30/07/2023,12:30,Greuther Furth,Paderborn,5,0,H,3,0,H,24,7,11,0,9,5,5,2,1,1,0,1,2.45,3.6,2.75,2.4,3.6,2.7,2.4,3.6,2.75,2.46,3.71,2.85,2.38,3.25,2.5,2.4,3.5,2.7,2.48,3.71,2.87,2.4,3.54,2.73,1.62,2.25,1.65,2.33,1.65,2.33,1.62,2.26,0,1.8,2.05,1.82,2.11,1.84,2.12,1.78,2.04,2.55,3.6,2.63,2.45,3.5,2.7,2.55,3.5,2.65,2.57,3.7,2.71,2.3,3.4,2.5,2.45,3.6,2.55,2.61,3.7,2.74,2.49,3.54,2.63,1.62,2.25,1.68,2.29,1.7,2.41,1.64,2.23,0,1.88,1.98,1.9,2,1.92,2.02,1.85,1.96
D2,30/07/2023,12:30,Hansa Rostock,Nurnberg,2,0,H,1,0,H,14,18,4,7,15,13,6,6,3,4,0,0,2.5,3.25,2.88,2.45,3.3,2.85,2.5,3.3,2.85,2.62,3.23,2.97,2.3,3.1,2.7,2.45,3.25,2.8,2.62,3.3,2.97,2.49,3.2,2.85,2.1,1.7,2.15,1.76,2.16,1.79,2.08,1.73,0,1.8,2.05,1.83,2.09,1.84,2.12,1.77,2.04,2.25,3.25,3.3,2.45,3.1,3,2.45,3.15,3.05,2.35,3.25,3.39,2.3,2.88,2.88,2.5,3.13,2.8,2.66,3.25,3.39,2.41,3.11,3.08,2.25,1.62,2.28,1.68,2.38,1.73,2.26,1.62,-0.25,1.98,1.88,2,1.91,2.17,1.95,2.04,1.79
D2,04/08/2023,17:30,Hertha,Wehen,0,1,A,0,0,D,21,12,8,5,9,9,6,4,2,3,0,0,1.57,4.33,5.25,1.57,4.2,5.5,1.6,4.2,5.25,1.57,4.43,5.89,1.44,4,5,1.53,4.33,5.25,1.6,4.43,6,1.55,4.22,5.51,1.67,2.15,1.7,2.24,1.72,2.3,1.67,2.17,-1,1.93,1.93,1.96,1.94,1.97,1.97,1.92,1.88,1.65,4.33,4.75,1.62,4.1,5,1.67,4,4.8,1.65,4.21,5.3,1.53,3.75,4.8,1.6,4.1,4.8,1.67,4.45,5.6,1.61,4.1,5.04,1.67,2.15,1.68,2.27,1.71,2.28,1.65,2.2,-1,2.05,1.75,2.14,1.78,2.17,1.86,2.04,1.78
D2,04/08/2023,17:30,Paderborn,Osnabruck,1,1,D,0,0,D,15,15,5,5,11,12,7,7,1,0,0,0,1.6,4.2,5.25,1.62,4.2,5,1.7,4,4.5,1.6,4.38,5.68,1.55,3.8,4.6,1.57,4.2,5,1.7,4.45,5.73,1.59,4.17,5.08,1.5,2.5,1.52,2.64,1.54,2.64,1.5,2.51,-1,1.95,1.9,1.98,1.93,2.15,1.93,1.96,1.85,1.7,4.2,4.33,1.68,4.2,4.4,1.75,3.9,4.3,1.72,4.21,4.73,1.6,3.9,4.2,1.67,4.2,4.33,1.75,4.43,5,1.66,4.15,4.51,1.44,2.7,1.45,2.87,1.48,2.89,1.44,2.71,-0.75,1.88,1.98,1.9,2.01,1.91,2.04,1.83,1.99
D2,05/08/2023,12:00,Elversberg,Hansa Rostock,1,2,A,0,0,D,13,17,4,5,12,15,7,2,3,4,0,0,2.15,3.5,3.25,2.15,3.6,3.1,2.25,3.5,3.05,2.15,3.72,3.4,2,3.5,3,2.05,3.7,3.13,2.25,3.73,3.4,2.12,3.58,3.18,1.73,2.08,1.74,2.18,1.76,2.2,1.71,2.11,-0.25,1.85,2,1.87,2.04,1.92,2.06,1.84,1.96,2.05,3.6,3.4,2.05,3.6,3.4,2.1,3.55,3.4,2.08,3.69,3.61,1.91,3.4,3.3,2,3.7,3.3,2.1,3.7,3.7,2.01,3.59,3.45,1.73,2.08,1.79,2.11,1.85,2.14,1.74,2.06,-0.5,2.05,1.8,2.08,1.84,2.1,1.87,2.02,1.79
D2,05/08/2023,12:00,Holstein Kiel,Greuther Furth,2,1,H,0,0,D,9,15,4,2,14,16,8,5,2,2,0,0,2.38,3.8,2.7,2.4,3.6,2.7,2.4,3.7,2.7,2.47,3.85,2.75,2.25,3.5,2.6,2.38,3.75,2.63,2.47,3.85,2.75,2.39,3.65,2.67,1.57,2.35,1.6,2.46,1.6,2.5,1.57,2.35,0,1.8,2.05,1.85,2.07,1.85,2.09,1.8,2.01,2.55,3.8,2.45,2.7,3.7,2.4,2.7,3.7,2.45,2.69,3.88,2.51,2.5,3.4,2.3,2.63,3.8,2.3,2.82,3.9,2.53,2.66,3.69,2.4,1.53,2.4,1.55,2.57,1.57,2.66,1.53,2.45,0,1.98,1.88,2.02,1.88,2.08,1.91,2.01,1.81
D2,05/08/2023,12:00,St Pauli,Fortuna Dusseldorf,0,0,D,0,0,D,13,10,5,3,11,8,4,8,2,1,1,0,1.91,3.75,3.75,1.87,3.75,3.9,1.95,3.6,3.7,1.97,3.73,3.96,1.8,3.5,3.6,1.9,3.7,3.6,1.97,3.85,3.96,1.9,3.65,3.75,1.7,2.1,1.75,2.17,1.75,2.26,1.68,2.15,-0.5,1.9,1.95,1.97,1.93,1.98,2.01,1.9,1.9,1.91,3.6,3.8,1.98,3.5,3.7,2,3.5,3.7,1.96,3.74,3.97,1.85,3.3,3.5,1.9,3.7,3.6,2.1,3.74,3.97,1.95,3.55,3.69,1.83,2.03,1.85,2.05,1.93,2.05,1.81,1.97,-0.5,1.93,1.93,1.96,1.94,2,1.98,1.94,1.88
D2,05/08/2023,19:30,Schalke 04,Kaiserslautern,3,0,H,1,0,H,16,10,8,4,14,12,8,7,1,3,0,2,1.65,4.2,4.75,1.66,4,4.8,1.67,4,4.8,1.69,4.07,5.12,1.6,3.7,4.33,1.62,4.2,4.6,1.7,4.3,5.12,1.65,3.99,4.74,1.6,2.3,1.66,2.32,1.67,2.35,1.62,2.25,-0.75,1.83,2.03,1.88,2.03,1.88,2.09,1.82,1.99,1.91,3.6,3.8,1.93,3.6,3.9,1.85,3.7,4,1.95,3.75,4.14,1.8,3.4,3.6,1.85,3.8,3.7,2,3.81,4.4,1.86,3.64,3.97,1.88,1.98,1.77,2.14,1.91,2.15,1.77,2.02,-0.75,2.15,1.68,2.24,1.78,2.26,1.86,2.08,1.76
D2,06/08/2023,12:30,Karlsruhe,Hamburg,2,2,D,1,0,H,17,13,4,7,6,14,7,3,3,2,0,0,2.8,4,2.2,2.95,3.9,2.15,2.8,3.8,2.3,2.87,4.16,2.28,2.88,3.6,2,2.75,4,2.2,2.95,4.25,2.3,2.83,3.88,2.19,1.4,2.88,1.43,2.96,1.43,3,1.4,2.86,0.25,1.88,1.98,1.89,2.02,1.92,2.02,1.86,1.93,2.45,4,2.5,2.45,3.9,2.55,2.5,3.8,2.55,2.48,4.14,2.62,2.3,3.7,2.38,2.4,4,2.45,2.62,4.2,2.65,2.43,3.93,2.51,1.36,3.1,1.37,3.24,1.38,3.3,1.35,3.11,0,1.85,2,1.9,2.01,2.01,2.05,1.88,1.94
D2,06/08/2023,12:30,Magdeburg,Braunschweig,2,1,H,2,0,H,14,9,5,4,7,20,1,5,1,3,0,0,1.75,4,4.33,1.8,3.8,4.1,1.8,3.9,4.1,1.81,4.06,4.35,1.75,3.5,3.7,1.75,4,4,1.83,4.1,4.58,1.77,3.92,4.09,1.53,2.4,1.58,2.48,1.58,2.5,1.54,2.4,-0.75,2,1.85,2.03,1.88,2.06,1.94,1.96,1.84,1.73,4,4.5,1.71,3.9,4.5,1.7,3.85,4.8,1.78,4.02,4.53,1.65,3.7,4,1.7,4,4.2,1.8,4.1,4.8,1.73,3.92,4.33,1.62,2.25,1.65,2.35,1.66,2.4,1.6,2.28,-0.75,1.98,1.88,2,1.91,2.06,1.97,1.94,1.88
D2,06/08/2023,12:30,Nurnberg,Hannover,2,2,D,0,2,A,8,19,3,6,20,14,5,7,6,2,0,0,2.3,3.6,2.88,2.25,3.6,2.9,2.35,3.5,2.9,2.39,3.64,2.99,2.15,3.4,2.75,2.3,3.6,2.8,2.39,3.7,2.99,2.31,3.5,2.87,1.73,2.08,1.8,2.09,1.8,2.16,1.73,2.07,-0.25,2.03,1.83,2.07,1.85,2.08,1.88,2,1.81,2.38,3.5,2.9,2.37,3.3,2.95,2.4,3.35,2.95,2.48,3.45,2.98,2.3,3.2,2.62,2.38,3.4,2.8,2.51,3.5,3.1,2.38,3.34,2.9,1.98,1.88,1.97,1.92,2.02,1.92,1.92,1.86,-0.25,2.1,1.78,2.14,1.8,2.14,1.82,2.06,1.77
D2,18/08/2023,17:30,Kaiserslautern,Elversberg,3,2,H,1,0,H,20,21,8,9,11,12,4,6,3,1,0,0,2.25,3.5,3.1,2.25,3.6,3,2.25,3.45,3.05,2.32,3.65,3.09,2.15,3.25,2.8,2.2,3.6,2.9,2.32,3.7,3.1,2.24,3.55,2.98,1.65,2.2,1.69,2.26,1.7,2.29,1.66,2.18,-0.25,1.98,1.88,2.02,1.89,2.02,1.92,1.95,1.86,2.2,3.6,3.2,2.2,3.6,3,2.25,3.5,3.05,2.25,3.7,3.19,2.15,3.25,2.8,2.15,3.6,3,2.25,3.7,3.36,2.19,3.56,3.06,1.62,2.25,1.67,2.3,1.69,2.34,1.64,2.22,-0.25,1.93,1.93,1.96,1.94,1.99,1.98,1.89,1.92
D2,18/08/2023,17:30,Wehen,Karlsruhe,1,0,H,1,0,H,11,15,4,7,14,2,2,7,3,1,0,0,3.1,3.5,2.25,2.95,3.7,2.25,2.95,3.65,2.25,3.07,3.82,2.27,3,3.5,2,2.88,3.7,2.2,3.1,3.85,2.29,2.95,3.66,2.22,1.57,2.35,1.6,2.45,1.6,2.49,1.56,2.37,0.25,1.9,1.95,1.93,1.98,1.95,2.02,1.87,1.93,2.8,3.4,2.4,2.65,3.6,2.45,2.7,3.6,2.45,2.83,3.65,2.5,2.6,3.4,2.25,2.63,3.6,2.38,2.87,3.78,2.5,2.74,3.55,2.39,1.6,2.3,1.62,2.41,1.63,2.49,1.57,2.36,0,2.05,1.8,2.08,1.84,2.11,1.86,2.05,1.78
D2,19/08/2023,12:00,Fortuna Dusseldorf,Paderborn,1,2,A,0,1,A,26,10,6,6,6,20,12,1,0,3,0,0,2.2,3.5,3.2,2.15,3.8,3.1,2.2,3.65,3.1,2.11,3.94,3.32,1.95,3.5,3.1,2.05,3.8,3.1,2.2,3.95,3.32,2.1,3.71,3.14,1.6,2.3,1.61,2.42,1.63,2.43,1.59,2.32,-0.25,1.85,2,1.85,2.06,1.91,2.06,1.84,1.97,1.95,3.75,3.75,2.05,3.7,3.4,1.97,3.75,3.55,2.05,3.93,3.49,1.91,3.4,3.25,1.95,3.8,3.3,2.05,3.95,3.94,1.97,3.75,3.45,1.57,2.35,1.61,2.43,1.61,2.45,1.57,2.34,-0.5,1.98,1.88,2.05,1.86,2.05,1.93,1.97,1.85
D2,19/08/2023,12:00,Greuther Furth,St Pauli,0,0,D,0,0,D,16,6,2,1,11,17,2,1,1,5,0,0,2.6,3.3,2.7,2.55,3.6,2.6,2.55,3.45,2.65,2.66,3.59,2.68,2.38,3.3,2.5,2.7,3.5,2.4,2.66,3.6,2.7,2.55,3.44,2.61,1.75,2.05,1.84,2.06,1.84,2.17,1.75,2.04,0,1.93,1.93,1.94,1.96,1.97,2,1.89,1.93,2.5,3.4,2.75,2.45,3.4,2.75,2.45,3.45,2.8,2.56,3.5,2.84,2.25,3.2,2.7,2.38,3.5,2.7,2.56,3.55,2.86,2.44,3.41,2.76,1.8,2,1.82,2.06,1.82,2.13,1.76,2.02,0,1.83,2.03,1.85,2.06,1.88,2.11,1.79,2.04
D2,19/08/2023,12:00,Hansa Rostock,Hannover,1,2,A,0,1,A,10,8,2,2,13,11,4,5,3,1,0,0,2.63,3.3,2.7,2.5,3.5,2.7,2.55,3.45,2.7,2.63,3.63,2.69,2.3,3.2,2.6,2.5,3.5,2.55,2.63,3.63,2.7,2.53,3.45,2.62,1.83,2.03,1.8,2.09,1.85,2.09,1.77,2.01,0,1.93,1.93,1.93,1.98,1.96,2.01,1.88,1.93,2.45,3.4,2.8,2.45,3.4,2.8,2.45,3.45,2.8,2.52,3.5,2.91,2.3,3.2,2.6,2.4,3.4,2.75,2.54,3.61,2.98,2.42,3.4,2.79,1.9,1.95,1.93,1.96,1.95,2.08,1.86,1.92,0,1.8,2.05,1.82,2.11,1.84,2.12,1.78,2.05
D2,19/08/2023,19:30,Hamburg,Hertha,3,0,H,2,0,H,27,11,7,2,10,7,4,2,2,2,0,0,1.83,3.9,4,1.93,3.9,3.5,1.95,3.55,3.85,1.9,4.17,3.79,1.85,3.6,3.25,1.85,4,3.5,1.95,4.2,4,1.88,3.93,3.6,1.48,2.6,1.51,2.65,1.53,2.7,1.49,2.55,-0.5,1.88,1.98,1.9,2,1.95,2.02,1.87,1.94,1.73,4.2,4.33,1.72,4.33,4.1,1.75,3.8,4.4,1.74,4.43,4.36,1.67,3.9,3.7,1.7,4.4,3.9,1.75,4.5,4.58,1.71,4.24,4.14,1.36,3.1,1.37,3.22,1.39,3.32,1.35,3.07,-0.75,1.9,1.95,1.92,1.99,1.95,2,1.88,1.93
D2,20/08/2023,12:30,Braunschweig,Schalke 04,1,0,H,1,0,H,17,11,6,3,15,12,6,4,3,0,1,0,3.75,3.6,1.95,3.5,3.7,1.98,3.5,3.65,2,3.61,3.87,2.03,3.4,3.5,1.85,3.4,3.5,2.05,3.75,3.9,2.05,3.48,3.67,1.98,1.7,2.1,1.73,2.19,1.78,2.22,1.7,2.11,0.5,1.83,2.03,1.88,2.03,1.92,2.06,1.83,1.98,3.4,3.5,2.1,3.3,3.7,2.05,3.2,3.65,2.1,3.27,3.79,2.18,3.2,3.4,1.95,3.25,3.75,2,3.61,3.81,2.24,3.23,3.65,2.08,1.62,2.25,1.68,2.28,1.68,2.34,1.63,2.23,0.25,1.98,1.88,2,1.9,2.12,1.9,2,1.82
D2,20/08/2023,12:30,Holstein Kiel,Magdeburg,2,4,A,1,2,A,17,18,8,10,23,12,6,3,1,2,0,0,2.45,3.5,2.8,2.37,3.75,2.7,2.35,3.65,2.8,2.45,3.82,2.8,2.3,3.5,2.5,2.38,3.5,2.75,2.45,3.9,2.85,2.37,3.63,2.71,1.53,2.4,1.55,2.58,1.57,2.58,1.52,2.46,0,1.8,2.05,1.83,2.09,1.85,2.1,1.78,2.05,2.38,4,2.7,2.3,3.8,2.8,2.3,3.85,2.75,2.43,3.84,2.81,2.15,3.5,2.7,2.3,3.9,2.6,2.47,4,2.89,2.31,3.79,2.74,1.48,2.6,1.51,2.65,1.51,2.72,1.47,2.59,0,1.8,2.05,1.82,2.1,1.87,2.15,1.76,2.08
D2,20/08/2023,12:30,Osnabruck,Nurnberg,2,3,A,0,1,A,15,20,3,7,13,8,3,12,2,2,0,0,2.5,3.4,2.8,2.45,3.5,2.7,2.5,3.5,2.7,2.6,3.4,2.86,2.4,3.25,2.5,2.45,3.5,2.63,2.6,3.6,2.86,2.47,3.42,2.71,1.8,2,1.86,2.03,1.86,2.09,1.78,2,0,1.83,2.03,1.86,2.05,1.86,2.06,1.82,1.99,2.2,3.5,3.25,2.2,3.5,3.1,2.25,3.5,3.05,2.25,3.57,3.29,2.1,3.2,3,2.2,3.5,3,2.35,3.62,3.33,2.22,3.46,3.08,1.73,2.08,1.76,2.14,1.85,2.14,1.74,2.05,-0.25,1.9,1.95,1.95,1.95,1.99,2.01,1.92,1.89
D2,25/08/2023,17:30,Paderborn,Kaiserslautern,1,2,A,0,0,D,15,12,5,3,17,12,1,2,2,5,0,0,2.2,3.75,3.1,,,,2.15,3.65,3.15,2.21,3.84,3.17,1.91,3.6,3.1,2.05,3.7,3.1,2.21,3.84,3.3,2.15,3.68,3.11,1.67,2.15,1.69,2.26,1.7,2.31,1.65,2.22,-0.25,1.93,1.93,1.93,1.97,1.95,1.98,1.87,1.93,2.1,3.6,3.2,,,,2.15,3.6,3.2,2.17,3.74,3.33,2,3.4,3,2.05,3.7,3.13,2.21,3.8,3.35,2.13,3.62,3.17,1.7,2.1,1.74,2.19,1.77,2.28,1.69,2.15,-0.25,1.88,1.98,1.89,2.02,1.95,2.04,1.86,1.95
D2,25/08/2023,17:30,Schalke 04,Holstein Kiel,0,2,A,0,1,A,13,14,4,5,11,13,3,7,1,1,1,0,1.85,4,3.5,,,,1.95,3.9,3.55,1.95,4.19,3.61,1.8,3.9,3.2,1.9,4.1,3.3,1.98,4.2,3.65,1.91,4.02,3.47,1.44,2.7,1.44,2.89,1.47,2.92,1.42,2.79,-0.5,1.93,1.93,1.95,1.95,1.98,1.96,1.91,1.9,2,4,3.1,,,,2,3.9,3.3,2.02,4.09,3.45,1.85,3.8,3.1,2,4,3.1,2.07,4.15,3.45,2,3.96,3.26,1.4,2.88,1.43,2.96,1.44,2.96,1.41,2.84,-0.5,2,1.85,2.02,1.88,2.07,1.88,1.98,1.82
D2,26/08/2023,12:00,Elversberg,Fortuna Dusseldorf,0,5,A,0,3,A,13,15,4,8,6,9,8,6,1,3,0,0,2.8,3.6,2.3,,,,2.75,3.65,2.4,2.86,3.87,2.38,2.7,3.6,2.1,2.7,3.6,2.38,2.86,3.95,2.43,2.73,3.7,2.35,1.57,2.35,1.58,2.5,1.61,2.5,1.57,2.38,0,2.08,1.73,2.14,1.78,2.14,1.83,2.06,1.76,2.8,3.6,2.3,,,,2.7,3.65,2.45,2.83,3.88,2.4,2.7,3.6,2.1,2.63,3.7,2.3,2.89,3.88,2.45,2.72,3.69,2.37,1.53,2.4,1.57,2.53,1.6,2.53,1.56,2.38,0.25,1.8,2.05,1.83,2.1,1.85,2.19,1.76,2.07
D2,26/08/2023,12:00,Hansa Rostock,Osnabruck,2,1,H,1,1,D,12,13,5,3,17,10,4,5,3,0,0,0,2.05,3.5,3.4,,,,2.1,3.6,3.3,2.12,3.7,3.49,2,3.5,3,2.05,3.6,3.25,2.14,3.9,3.49,2.08,3.6,3.3,1.73,2.08,1.8,2.09,1.81,2.14,1.75,2.06,-0.25,1.83,2.03,1.84,2.07,1.87,2.09,1.82,2,2.15,3.4,3.4,,,,2.15,3.5,3.25,2.2,3.54,3.44,2,3.5,3,2.05,3.5,3.3,2.2,3.6,3.6,2.11,3.49,3.35,1.85,2,1.87,2.02,1.94,2.02,1.83,1.95,-0.25,1.83,2.03,1.9,2.01,1.9,2.11,1.83,1.99
D2,26/08/2023,12:00,Hertha,Greuther Furth,5,0,H,2,0,H,14,17,7,6,18,9,5,8,1,1,0,0,2.4,3.5,2.75,,,,2.4,3.6,2.75,2.55,3.71,2.73,2.15,3.3,2.8,2.4,3.5,2.7,2.55,3.71,2.8,2.43,3.56,2.69,1.7,2.1,1.72,2.21,1.76,2.33,1.68,2.16,0,1.85,2,1.88,2.02,1.9,2.06,1.82,2,2.3,3.4,2.9,,,,2.4,3.5,2.8,2.41,3.56,3.01,2.15,3.3,2.8,2.3,3.5,2.75,2.45,3.63,3.01,2.36,3.49,2.85,1.8,2,1.82,2.07,1.85,2.2,1.74,2.07,-0.25,2.05,1.8,2.09,1.83,2.12,1.84,2.04,1.78
D2,26/08/2023,19:30,Hannover,Hamburg,0,1,A,0,0,D,19,11,5,4,13,13,3,3,1,4,0,1,3.25,4,2,,,,3.15,3.95,2.05,3.42,4.12,2.03,3,3.7,1.91,3.1,4,2,3.45,4.15,2.06,3.23,3.96,2,1.44,2.7,1.48,2.75,1.48,2.85,1.44,2.72,0.5,1.85,2,1.88,2.03,1.89,2.07,1.81,2,3.3,4,2,,,,3.35,3.85,2,3.34,4.07,2.07,3,3.7,1.91,3.1,4,2,3.5,4.2,2.11,3.27,3.99,1.98,1.44,2.7,1.49,2.72,1.49,3.2,1.41,2.84,0.5,1.8,2.05,1.85,2.07,1.94,2.11,1.84,1.97
D2,27/08/2023,12:30,Karlsruhe,Braunschweig,2,0,H,1,0,H,22,9,9,0,11,4,6,4,1,1,0,1,1.73,4,4.33,,,,1.75,4.1,4.2,1.76,4.3,4.36,1.67,3.6,4,1.7,4.1,4.2,1.77,4.3,4.4,1.73,4.06,4.24,1.57,2.35,1.61,2.42,1.62,2.42,1.59,2.33,-0.75,1.9,1.95,1.96,1.94,1.96,1.98,1.91,1.9,1.83,4,4,,,,1.83,3.95,3.95,1.83,4.16,4.08,1.67,3.6,4,1.8,4,3.7,1.87,4.2,4.2,1.81,3.99,3.92,1.57,2.35,1.6,2.45,1.63,2.45,1.57,2.37,-0.5,1.83,2.03,1.83,2.07,1.87,2.1,1.8,2.02
D2,27/08/2023,12:30,Nurnberg,Wehen,2,1,H,0,0,D,13,15,4,2,12,17,10,6,2,6,1,2,2,3.6,3.5,,,,2.05,3.65,3.4,2.09,3.68,3.59,1.91,3.3,3.4,2,3.6,3.4,2.09,3.7,3.59,2.02,3.6,3.44,1.75,2.05,1.79,2.1,1.81,2.12,1.76,2.04,-0.5,2.05,1.8,2.09,1.83,2.09,1.86,2.02,1.8,2,3.6,3.5,,,,2.05,3.6,3.45,2.01,3.76,3.78,1.91,3.3,3.4,1.95,3.6,3.5,2.06,3.76,3.78,1.99,3.62,3.55,1.7,2.1,1.76,2.15,1.78,2.17,1.73,2.09,-0.5,1.98,1.88,2.01,1.9,2.08,1.93,1.99,1.83
D2,27/08/2023,12:30,St Pauli,Magdeburg,0,0,D,0,0,D,26,5,12,2,9,9,11,3,2,3,0,0,1.91,3.75,3.75,,,,1.9,3.8,3.7,1.96,3.96,3.76,1.73,3.7,3.6,1.85,3.9,3.7,1.96,3.96,3.9,1.9,3.81,3.66,1.65,2.2,1.69,2.27,1.69,2.3,1.63,2.22,-0.5,1.9,1.95,1.96,1.94,1.96,1.99,1.88,1.92,1.8,4,4,,,,1.85,3.85,3.9,1.85,4.05,4.11,1.73,3.7,3.6,1.8,3.9,3.75,1.9,4.05,4.11,1.82,3.93,3.89,1.6,2.3,1.62,2.4,1.63,2.44,1.58,2.33,-0.5,1.83,2.03,1.85,2.06,1.9,2.11,1.82,2
D2,01/09/2023,17:30,Braunschweig,St Pauli,1,1,D,0,0,D,9,19,1,5,11,11,3,5,2,3,0,0,4,3.6,1.91,3.9,3.6,1.9,3.85,3.65,1.9,4.04,3.76,1.94,3.4,3.4,1.85,3.7,3.7,1.87,4.32,3.76,1.94,3.89,3.65,1.88,1.88,1.98,1.88,2.01,1.91,2.07,1.81,1.98,0.5,1.93,1.93,1.96,1.94,2,1.95,1.92,1.88,4,3.75,1.85,4.1,3.7,1.85,3.9,3.6,1.9,4.36,3.81,1.86,3.6,3.3,1.83,4,3.7,1.8,4.41,3.84,1.93,4.06,3.65,1.85,1.9,1.95,1.91,2.03,1.93,2.04,1.83,1.96,0.5,2,1.85,2.05,1.86,2.05,1.91,1.96,1.84
D2,01/09/2023,17:30,Fortuna Dusseldorf,Karlsruhe,3,1,H,1,1,D,19,10,5,8,8,10,7,7,1,3,0,0,2.2,3.6,3,2.1,3.7,3.2,2.2,3.6,3.05,2.25,3.89,3.06,2.1,3.4,2.8,2.15,3.75,2.9,2.25,3.89,3.2,2.18,3.68,3.02,1.65,2.2,1.66,2.31,1.7,2.38,1.62,2.26,-0.25,1.93,1.93,1.97,1.93,1.99,1.98,1.9,1.89,2.3,3.6,2.8,2.45,3.6,2.65,2.35,3.7,2.8,2.38,3.75,2.93,2.25,3.4,2.6,2.3,3.75,2.7,2.45,3.88,3.03,2.33,3.65,2.8,1.62,2.25,1.63,2.38,1.66,2.42,1.59,2.31,-0.25,2.05,1.8,2.07,1.83,2.16,1.9,2.02,1.8
D2,02/09/2023,12:00,Holstein Kiel,Paderborn,2,1,H,1,1,D,19,13,6,2,9,9,6,8,3,3,0,0,2.3,4,2.7,2.25,3.9,2.8,2.3,3.9,2.75,2.32,4.18,2.8,2.2,3.5,2.62,2.3,3.9,2.63,2.35,4.18,2.8,2.28,3.93,2.71,1.48,2.6,1.5,2.68,1.5,2.75,1.46,2.63,-0.25,2.05,1.8,2.05,1.86,2.09,1.86,2.01,1.79,2.38,3.8,2.7,2.25,3.75,2.87,2.15,3.85,3,2.4,3.78,2.89,2.1,3.5,2.75,2.15,3.8,2.88,2.41,4.1,3.1,2.22,3.79,2.9,1.53,2.4,1.6,2.48,1.6,2.53,1.53,2.44,-0.25,2.05,1.8,2.09,1.83,2.13,1.96,1.94,1.87
D2,02/09/2023,12:00,Magdeburg,Hertha,6,4,H,2,3,A,23,12,12,7,6,9,4,3,2,3,0,0,2.3,3.8,2.8,2.25,3.9,2.8,2.3,3.8,2.75,2.31,4,2.9,2.25,3.3,2.62,2.2,3.75,2.8,2.38,4,2.9,2.27,3.78,2.8,1.57,2.35,1.58,2.49,1.61,2.49,1.56,2.39,-0.25,2,1.85,2.03,1.88,2.04,1.88,1.98,1.82,2.75,3.75,2.38,2.75,3.6,2.4,2.65,3.7,2.4,2.81,3.85,2.43,2.45,3.5,2.3,2.63,3.75,2.38,2.81,3.94,2.48,2.68,3.72,2.39,1.6,2.3,1.63,2.38,1.63,2.48,1.59,2.32,0,2.1,1.78,2.11,1.82,2.14,1.89,2.02,1.8
D2,02/09/2023,12:00,Wehen,Schalke 04,1,1,D,0,0,D,14,15,3,5,17,10,3,7,4,2,0,0,3.3,3.6,2.1,3.2,3.75,2.1,3.15,3.7,2.15,3.32,3.88,2.13,2.9,3.4,2.05,3.1,3.7,2.05,3.32,3.88,2.21,3.16,3.71,2.11,1.62,2.25,1.63,2.37,1.7,2.37,1.63,2.25,0.25,2,1.85,2.05,1.87,2.05,1.9,1.96,1.83,2.9,3.6,2.3,2.87,3.6,2.3,2.9,3.65,2.3,2.94,3.67,2.4,2.7,3.5,2.15,2.88,3.7,2.2,3.22,3.75,2.4,2.93,3.64,2.25,1.57,2.35,1.61,2.43,1.61,2.53,1.58,2.35,0.25,1.8,2.05,1.83,2.09,1.95,2.09,1.85,1.95
D2,02/09/2023,19:30,Kaiserslautern,Nurnberg,3,1,H,3,1,H,12,18,4,4,12,14,4,7,1,2,0,1,2.1,3.6,3.25,2.15,3.6,3.2,2.15,3.6,3.2,2.24,3.73,3.19,2,3.25,3.1,2.15,3.5,3.1,2.24,3.75,3.25,2.16,3.57,3.13,1.73,2.08,1.77,2.14,1.8,2.14,1.74,2.06,-0.25,1.9,1.95,1.95,1.95,1.96,1.99,1.89,1.91,2.05,3.6,3.5,2.1,3.5,3.4,2.15,3.55,3.25,2.14,3.51,3.63,2,3.3,3.1,2,3.5,3.4,2.18,3.6,3.63,2.09,3.48,3.4,1.9,1.95,1.91,1.98,2.02,2.08,1.84,1.94,-0.25,1.8,2.05,1.84,2.08,1.85,2.14,1.8,2.01
D2,03/09/2023,12:30,Greuther Furth,Hannover,1,3,A,0,2,A,19,6,5,5,11,11,9,2,1,2,0,0,1.91,4,3.6,1.98,3.9,3.4,2,3.9,3.35,2.04,4.12,3.38,1.95,3.4,3.1,2,3.9,3.2,2.09,4.13,3.6,1.99,3.91,3.31,1.57,2.35,1.6,2.46,1.62,2.48,1.56,2.36,-0.5,2,1.85,2.04,1.87,2.04,1.88,1.97,1.83,1.95,3.8,3.6,1.98,3.6,3.6,1.95,3.7,3.6,2.03,3.76,3.7,1.85,3.4,3.4,1.95,3.75,3.4,2.03,3.84,3.82,1.95,3.69,3.6,1.7,2.1,1.74,2.18,1.78,2.38,1.68,2.14,-0.5,2,1.85,2.03,1.88,2.04,1.95,1.94,1.86
D2,03/09/2023,12:30,Hamburg,Hansa Rostock,2,0,H,1,0,H,17,7,11,3,14,15,3,5,2,5,0,0,1.45,4.75,6.5,1.47,4.8,6,1.47,4.8,6,1.52,4.94,5.86,1.44,4,5.5,1.45,4.8,5.75,1.52,5,6.5,1.47,4.71,5.84,1.44,2.7,1.46,2.81,1.5,2.81,1.44,2.69,-1.25,2,1.85,2.06,1.85,2.06,1.89,1.99,1.82,1.44,5,6.5,1.47,4.6,6.25,1.5,4.6,5.75,1.47,4.91,6.7,1.4,4.33,5.5,1.44,4.75,5.75,1.51,5,7,1.46,4.68,6.08,1.48,2.6,1.49,2.73,1.52,2.8,1.47,2.62,-1.25,1.95,1.9,1.98,1.93,2.03,1.96,1.97,1.84
D2,03/09/2023,12:30,Osnabruck,Elversberg,0,1,A,0,0,D,9,10,4,2,16,13,6,2,1,2,0,0,2.4,3.75,2.7,2.35,3.8,2.7,2.4,3.75,2.7,2.44,3.98,2.73,2.3,3.4,2.5,2.38,3.6,2.7,2.44,3.98,2.75,2.36,3.77,2.67,1.53,2.4,1.55,2.57,1.6,2.57,1.53,2.44,0,1.8,2.05,1.85,2.07,1.86,2.12,1.8,2.02,2.3,3.8,2.8,2.3,3.8,2.75,2.25,3.8,2.85,2.32,4.01,2.88,2.2,3.5,2.6,2.2,3.9,2.75,2.41,4.01,2.91,2.26,3.8,2.78,1.44,2.7,1.48,2.76,1.53,2.76,1.46,2.64,-0.25,1.98,1.88,2.04,1.87,2.08,1.89,1.98,1.83
D2,15/09/2023,17:30,Nurnberg,Greuther Furth,1,1,D,1,1,D,18,9,4,2,14,17,6,5,2,3,0,0,2.63,3.6,2.55,2.65,3.5,2.55,2.65,3.6,2.5,2.7,3.62,2.62,2.62,3.2,2.3,2.55,3.5,2.5,2.75,3.69,2.7,2.62,3.53,2.53,1.8,2,1.81,2.07,1.83,2.14,1.75,2.04,0,1.95,1.9,1.98,1.93,2.02,2.02,1.93,1.88,2.45,3.6,2.75,2.5,3.5,2.65,2.5,3.55,2.65,2.58,3.58,2.79,2.4,3.25,2.5,2.45,3.5,2.63,2.71,3.65,2.87,2.54,3.51,2.64,1.73,2.08,1.74,2.18,1.8,2.19,1.72,2.1,0,1.83,2.03,1.88,2.03,2,2.06,1.88,1.94
D2,15/09/2023,17:30,Paderborn,Wehen,2,1,H,0,1,A,17,12,7,5,14,12,5,1,3,2,0,0,1.73,4,4.33,1.72,4.1,4.33,1.75,3.95,4.3,1.77,4.21,4.39,1.67,3.75,3.9,1.73,4,4.1,1.78,4.21,4.5,1.74,4.03,4.21,1.57,2.35,1.61,2.43,1.61,2.49,1.58,2.34,-0.75,1.98,1.88,1.98,1.93,2.03,1.93,1.94,1.86,2,3.8,3.5,1.93,3.75,3.6,1.83,3.95,3.85,2.08,3.66,3.64,1.73,3.6,3.7,1.85,3.9,3.6,2.08,4.1,4.5,1.85,3.83,3.92,1.62,2.25,1.65,2.29,1.67,2.4,1.6,2.29,-0.75,2.3,1.6,2.39,1.64,2.39,1.88,2.07,1.76
D2,16/09/2023,12:00,Elversberg,Hamburg,2,1,H,1,0,H,16,13,7,6,12,9,7,6,3,2,0,0,4.2,4.2,1.75,3.8,4.2,1.78,4.2,4.2,1.73,4.2,4.49,1.76,3.75,3.7,1.7,4,4.1,1.73,4.2,4.5,1.78,4.03,4.21,1.74,1.4,2.88,1.41,3.02,1.42,3.05,1.39,2.88,0.75,1.93,1.93,1.96,1.94,1.96,1.98,1.89,1.9,3.5,4,1.91,3.6,4,1.88,3.5,4.1,1.9,3.78,4.17,1.9,3.5,3.7,1.75,3.25,4.2,1.9,4.2,4.5,1.97,3.65,4.11,1.85,1.4,2.88,1.4,3.08,1.42,3.15,1.38,2.95,0.5,1.93,1.93,2,1.9,2.09,1.98,1.96,1.86
D2,16/09/2023,12:00,Hansa Rostock,Fortuna Dusseldorf,1,3,A,1,2,A,23,20,4,5,11,9,10,8,2,2,0,0,3.3,3.4,2.2,3.2,3.5,2.2,3.2,3.4,2.2,3.36,3.51,2.25,3,3.2,2.1,3.1,3.5,2.15,3.36,3.55,2.25,3.18,3.43,2.19,1.85,2,1.91,1.98,1.94,2.02,1.86,1.92,0.25,1.95,1.9,1.97,1.93,2,1.95,1.91,1.88,3.3,3.3,2.25,3.1,3.4,2.25,3.2,3.35,2.25,3.37,3.45,2.26,3,3.2,2.1,3.1,3.4,2.2,3.39,3.52,2.32,3.17,3.36,2.24,1.9,1.95,1.93,1.96,2,1.96,1.92,1.86,0.25,1.93,1.93,1.96,1.94,1.98,2,1.88,1.92
D2,16/09/2023,12:00,Karlsruhe,Kaiserslautern,1,1,D,1,1,D,19,14,6,7,10,14,9,3,0,1,0,0,2,3.75,3.5,2.05,3.75,3.2,2.05,3.75,3.35,2.08,3.8,3.51,1.95,3.3,3.2,2,3.7,3.3,2.08,3.8,3.51,2.03,3.7,3.35,1.62,2.25,1.66,2.32,1.66,2.32,1.62,2.25,-0.5,1.98,1.83,2.08,1.83,2.09,1.85,2.02,1.79,1.95,3.6,3.8,2,3.6,3.5,1.97,3.6,3.6,2.03,3.64,3.83,1.85,3.4,3.4,2,3.6,3.4,2.07,3.85,3.83,1.98,3.63,3.56,1.75,2.05,1.83,2.06,1.83,2.4,1.72,2.11,-0.5,1.98,1.88,2.03,1.88,2.07,1.91,1.97,1.83
D2,16/09/2023,19:30,Schalke 04,Magdeburg,4,3,H,1,2,A,19,12,9,6,22,12,9,4,4,4,0,1,2.1,3.75,3.2,2.15,3.9,3,2.1,3.75,3.15,2.21,3.95,3.1,1.91,3.6,3.1,2.1,3.8,3,2.21,3.95,3.2,2.14,3.81,3.02,1.48,2.6,1.49,2.72,1.5,2.76,1.46,2.64,-0.25,1.9,1.95,1.94,1.96,1.94,1.98,1.87,1.93,2,3.8,3.4,2.05,3.8,3.2,2.05,3.8,3.35,2.07,4.01,3.39,1.91,3.6,3.1,2,3.9,3.13,2.12,4.01,3.4,2.04,3.82,3.24,1.44,2.7,1.47,2.79,1.47,2.85,1.44,2.7,-0.25,1.75,2.05,1.81,2.1,1.88,2.12,1.8,2.01
D2,17/09/2023,12:30,Hannover,Osnabruck,7,0,H,2,0,H,24,6,15,3,13,9,5,3,0,2,0,1,1.8,3.8,4.33,1.83,3.9,3.9,1.83,3.8,4.1,1.88,4.02,4.03,1.73,3.7,3.6,1.8,3.8,4,1.88,4.09,4.33,1.82,3.9,3.89,1.65,2.2,1.69,2.27,1.69,2.28,1.66,2.19,-0.5,1.83,2.03,1.88,2.03,1.88,2.06,1.82,1.99,1.83,4,4,1.83,3.9,3.9,1.85,3.75,3.95,1.83,4.06,4.19,1.75,3.6,3.6,1.8,3.8,3.9,1.9,4.06,4.41,1.83,3.88,3.9,1.53,2.4,1.56,2.55,1.62,2.55,1.57,2.36,-0.5,1.78,2.03,1.83,2.07,1.9,2.13,1.82,1.98
D2,17/09/2023,12:30,Hertha,Braunschweig,3,0,H,2,0,H,15,14,8,4,11,11,4,9,2,0,0,0,1.6,4.33,5.25,1.63,4.2,4.8,1.6,4.3,5.25,1.63,4.45,5.15,1.5,4,4.8,1.6,4.2,4.8,1.63,4.45,5.25,1.59,4.23,5.01,1.6,2.3,1.64,2.36,1.66,2.38,1.61,2.29,-1,2.03,1.83,2.06,1.85,2.11,1.89,2,1.81,1.75,4.2,4.33,1.75,4,4.2,1.7,4.1,4.4,1.78,4.2,4.39,1.6,3.7,4.33,1.73,4,4.1,1.79,4.25,5,1.72,4.04,4.37,1.53,2.4,1.56,2.56,1.64,2.56,1.55,2.4,-0.75,1.98,1.88,1.98,1.93,2.05,2.05,1.9,1.91
D2,17/09/2023,12:30,St Pauli,Holstein Kiel,5,1,H,3,0,H,18,13,7,4,13,16,3,1,3,3,0,0,1.85,3.8,4,1.85,3.9,3.8,1.85,3.8,3.9,1.89,3.91,4.08,1.73,3.6,3.7,1.83,3.9,3.75,1.91,3.95,4.25,1.84,3.79,3.93,1.67,2.15,1.73,2.2,1.73,2.23,1.67,2.16,-0.5,1.85,2,1.89,2.02,1.9,2.05,1.83,1.97,1.91,4,3.6,1.93,3.7,3.75,1.95,3.75,3.7,1.93,3.7,4.12,1.8,3.3,3.7,1.91,3.75,3.5,1.96,4,4.15,1.9,3.65,3.84,1.57,2.35,1.62,2.41,1.67,2.41,1.62,2.27,-0.5,1.9,1.95,1.93,1.97,1.96,2,1.89,1.92
D2,22/09/2023,17:30,Magdeburg,Paderborn,1,1,D,0,1,A,11,14,3,4,14,12,2,6,4,1,0,0,2.15,4,3,2.2,3.9,2.87,2.25,3.75,2.85,2.21,4.05,3.04,2.05,3.7,2.7,2.15,4,2.8,2.23,4.1,3.1,2.16,3.93,2.92,1.44,2.7,1.47,2.79,1.47,2.98,1.43,2.74,-0.25,1.93,1.93,1.94,1.96,1.95,2.02,1.89,1.91,2.15,4,3,2.2,3.9,2.87,2.25,3.75,2.85,2.17,4,3.14,2.05,3.7,2.7,2.1,4,2.9,2.25,4.15,3.16,2.12,3.93,2.98,1.4,2.88,1.45,2.85,1.48,3.03,1.42,2.77,-0.25,1.9,1.95,1.91,2,1.95,2.03,1.87,1.94
D2,22/09/2023,17:30,Osnabruck,Hamburg,2,1,H,2,1,H,18,8,9,3,10,15,13,7,5,6,0,0,4.5,4.5,1.62,4.5,4.4,1.65,4.6,4.3,1.65,4.5,4.74,1.67,4.33,4.2,1.53,4.4,4.5,1.6,4.7,4.91,1.67,4.47,4.53,1.62,1.36,3.1,1.41,3.05,1.41,3.12,1.38,2.96,1,1.83,2.03,1.84,2.08,1.9,2.09,1.82,2,4.5,4.75,1.6,4.6,4.5,1.63,4.5,4.4,1.65,4.94,4.72,1.62,4.33,4.2,1.53,4.4,4.5,1.6,4.94,4.85,1.65,4.56,4.5,1.61,1.36,3.1,1.38,3.19,1.38,3.3,1.35,3.1,1,1.88,1.98,1.92,1.99,1.95,2.05,1.84,1.98
D2,23/09/2023,12:00,Braunschweig,Nurnberg,2,2,D,1,2,A,14,11,5,5,17,15,2,3,2,2,0,0,2.88,3.5,2.4,2.87,3.6,2.35,2.85,3.55,2.35,2.94,3.68,2.41,2.7,3.3,2.2,2.8,3.6,2.25,2.95,3.68,2.41,2.86,3.54,2.33,1.75,2.05,1.81,2.08,1.81,2.14,1.76,2.03,0.25,1.83,2.03,1.84,2.08,1.85,2.08,1.79,2.01,2.63,3.5,2.63,2.87,3.6,2.35,2.65,3.55,2.55,2.69,3.59,2.65,2.6,3.25,2.3,2.55,3.6,2.45,2.88,3.65,2.65,2.64,3.52,2.52,1.7,2.1,1.76,2.15,1.8,2.17,1.72,2.1,0,1.93,1.93,1.97,1.93,2.08,1.96,1.94,1.87
D2,23/09/2023,12:00,Greuther Furth,Karlsruhe,4,3,H,3,3,D,9,17,6,5,10,12,9,4,3,5,1,0,2.3,3.6,2.9,2.35,3.6,2.8,2.4,3.6,2.75,2.27,3.89,3.03,2.1,3.4,2.8,2.2,3.7,2.88,2.38,3.89,3.03,2.27,3.66,2.87,1.62,2.25,1.64,2.35,1.67,2.35,1.61,2.28,-0.25,1.98,1.88,1.98,1.92,2.05,1.92,1.97,1.83,2.3,3.6,2.88,2.35,3.6,2.8,2.4,3.55,2.75,2.4,3.74,2.91,2.25,3.4,2.62,2.25,3.7,2.75,2.44,3.82,2.93,2.32,3.65,2.81,1.6,2.3,1.61,2.4,1.63,2.42,1.58,2.33,-0.25,2.1,1.78,2.09,1.83,2.14,1.86,2.02,1.79
D2,23/09/2023,12:00,Wehen,Elversberg,0,2,A,0,1,A,16,13,3,5,13,17,7,3,4,4,0,0,2.63,3.6,2.55,2.5,3.75,2.55,2.55,3.65,2.55,2.67,3.82,2.55,2.3,3.6,2.4,2.5,3.8,2.45,2.67,4,2.6,2.56,3.72,2.49,1.57,2.35,1.61,2.43,1.61,2.45,1.56,2.38,0,1.95,1.9,2,1.91,2,1.97,1.93,1.88,2.55,3.6,2.63,2.5,3.75,2.55,2.5,3.65,2.6,2.57,3.72,2.7,2.3,3.6,2.4,2.5,3.6,2.5,2.57,3.79,2.7,2.51,3.66,2.57,1.57,2.35,1.6,2.44,1.6,2.51,1.56,2.38,0,1.88,1.98,1.91,2,1.95,2,1.88,1.93
D2,23/09/2023,19:30,St Pauli,Schalke 04,3,1,H,1,1,D,19,10,8,3,3,19,4,2,1,4,0,0,1.8,3.8,4.33,1.83,3.9,3.9,2,3.65,3.5,1.89,3.73,4.28,1.73,3.6,3.75,1.8,3.9,3.75,2,4,4.33,1.84,3.8,3.95,1.62,2.25,1.68,2.29,1.68,2.35,1.62,2.26,-0.5,1.85,2,1.89,2.01,1.89,2.05,1.82,1.98,1.83,3.75,4.2,1.83,3.75,4.1,2,3.65,3.5,1.87,3.72,4.45,1.8,3.5,3.5,1.83,3.7,3.9,2,3.9,4.46,1.84,3.68,4.04,1.7,2.1,1.74,2.18,1.77,2.34,1.68,2.15,-0.5,1.83,2.03,1.87,2.05,2,2.07,1.84,1.96
D2,24/09/2023,12:30,Fortuna Dusseldorf,Hannover,1,1,D,0,1,A,17,6,5,2,7,10,5,2,2,3,0,0,1.85,3.8,4,1.87,3.9,3.75,1.9,3.8,3.75,1.93,4.12,3.7,1.75,3.6,3.6,1.85,4,3.6,1.93,4.12,4,1.87,3.89,3.69,1.57,2.35,1.59,2.46,1.62,2.47,1.57,2.37,-0.5,1.88,1.98,1.93,1.97,1.93,2.01,1.86,1.94,1.95,3.75,3.6,1.93,3.75,3.6,1.95,3.8,3.55,1.98,3.87,3.78,1.83,3.6,3.3,1.91,3.9,3.4,2.02,4.05,3.93,1.94,3.8,3.59,1.6,2.3,1.61,2.42,1.63,2.47,1.58,2.33,-0.5,1.95,1.9,1.98,1.93,2.04,1.94,1.93,1.87
D2,24/09/2023,12:30,Holstein Kiel,Hertha,2,3,A,0,2,A,16,11,5,7,19,13,2,4,4,3,1,0,2.7,3.6,2.45,2.6,3.75,2.5,2.65,3.65,2.45,2.75,3.68,2.55,2.3,3.5,2.45,2.63,3.6,2.45,2.75,3.9,2.55,2.63,3.68,2.45,1.53,2.4,1.57,2.51,1.57,2.52,1.53,2.45,0,2,1.85,2.03,1.88,2.05,1.89,1.98,1.83,2.2,3.8,2.9,2.2,3.8,2.9,2.4,3.75,2.7,2.29,3.94,2.97,2.1,3.5,2.75,2.25,3.8,2.7,2.47,4,3.05,2.24,3.78,2.87,1.4,2.88,1.43,2.95,1.53,3.04,1.42,2.79,-0.25,1.98,1.88,2.01,1.9,2.06,1.92,1.96,1.85
D2,24/09/2023,12:30,Kaiserslautern,Hansa Rostock,3,1,H,2,1,H,22,18,11,2,9,15,6,10,2,2,0,0,2,3.5,3.75,2,3.5,3.6,2.05,3.45,3.6,2.11,3.39,3.83,1.91,3.3,3.4,2.05,3.5,3.4,2.11,3.58,3.83,2.03,3.44,3.59,1.93,1.93,1.97,1.92,1.97,1.97,1.88,1.88,-0.5,2.05,1.8,2.11,1.81,2.11,1.85,2.02,1.78,2.1,3.4,3.6,2.1,3.4,3.6,2.05,3.45,3.6,2.11,3.37,3.88,2,3.1,3.3,2,3.5,3.4,2.13,3.5,3.88,2.07,3.34,3.64,2.05,1.8,2.06,1.84,2.08,1.93,1.96,1.83,-0.25,1.78,2.03,1.8,2.11,1.83,2.13,1.78,2.05
D2,29/09/2023,17:30,Hamburg,Fortuna Dusseldorf,1,0,H,0,0,D,10,8,4,2,10,14,8,3,3,6,0,1,2.1,4,3.2,2.1,3.9,3.1,2.1,3.75,3.25,2.11,4.16,3.18,1.95,4,3.2,2.05,4,3,2.11,4.24,3.45,2.06,3.96,3.14,1.44,2.7,1.46,2.82,1.46,2.99,1.41,2.8,-0.25,1.85,2,1.86,2.05,1.89,2.08,1.82,2,2,4,3.25,1.98,3.9,3.4,2.05,3.75,3.3,1.97,4.13,3.58,1.91,4,3.25,1.95,4,3.2,2.14,4.2,3.61,1.96,3.99,3.35,1.4,2.88,1.45,2.86,1.45,2.92,1.41,2.81,-0.5,1.95,1.9,1.97,1.93,2.05,1.98,1.94,1.87
D2,29/09/2023,17:30,Paderborn,Schalke 04,3,1,H,1,0,H,11,13,6,2,10,9,2,10,1,3,0,0,2.2,4,2.9,2.25,3.75,2.9,2.25,3.8,2.85,2.28,3.85,3.04,2.15,3.75,2.88,2.2,3.8,2.8,2.32,4,3.1,2.23,3.78,2.9,1.57,2.35,1.6,2.45,1.65,2.68,1.54,2.42,-0.25,1.95,1.9,1.99,1.92,2,1.94,1.93,1.87,2.15,4,2.9,2.15,3.75,3,2.25,3.85,2.85,2.13,3.95,3.27,2.1,3.75,3,2.1,3.9,2.9,2.28,4.01,3.27,2.16,3.83,2.98,1.48,2.6,1.52,2.64,1.55,2.64,1.49,2.53,-0.25,1.88,1.98,1.87,2.04,1.95,2.04,1.88,1.92
D2,30/09/2023,12:00,Hannover,Wehen,2,0,H,1,0,H,17,12,5,3,13,15,4,6,0,2,0,0,1.7,4.2,4.5,1.71,4.1,4.4,1.7,4.1,4.4,1.71,4.35,4.6,1.65,4.2,4.33,1.67,4.1,4.33,1.72,4.35,4.6,1.69,4.11,4.44,1.57,2.35,1.62,2.4,1.62,2.4,1.58,2.32,-0.75,1.88,1.98,1.9,2.01,1.9,2.02,1.85,1.94,1.7,4,4.5,1.71,4,4.5,1.7,4.1,4.6,1.78,4.17,4.4,1.65,4,4.4,1.67,4.1,4.33,1.78,4.3,4.8,1.7,4.05,4.47,1.62,2.25,1.65,2.34,1.65,2.43,1.6,2.29,-0.75,1.93,1.93,1.99,1.92,2,2.02,1.86,1.94
D2,30/09/2023,12:00,Hansa Rostock,Braunschweig,1,0,H,0,0,D,19,20,6,0,20,10,7,5,3,1,0,0,2,3.75,3.5,2,3.6,3.5,2,3.65,3.5,2.03,3.73,3.75,1.91,3.7,3.5,1.95,3.6,3.5,2.18,3.75,3.75,1.98,3.62,3.56,1.83,2.03,1.85,2.04,1.87,2.04,1.81,1.97,-0.5,2,1.85,2.03,1.88,2.03,1.89,1.96,1.84,2.15,3.6,3.2,2.2,3.5,3.2,2.15,3.55,3.2,2.18,3.56,3.41,2.1,3.4,3.2,2.15,3.4,3.2,2.25,3.63,3.57,2.14,3.5,3.27,1.85,2,1.85,2.04,1.9,2.04,1.82,1.96,-0.25,1.85,2,1.88,2.01,1.92,2.07,1.85,1.96
D2,30/09/2023,12:00,Karlsruhe,Holstein Kiel,0,2,A,0,2,A,14,12,4,5,4,16,7,9,0,4,0,0,2.05,3.8,3.2,2.1,3.9,3,2.1,3.85,3.1,2.1,4.04,3.29,2.05,4,2.9,2.05,3.8,3.1,2.14,4.15,3.29,2.06,3.87,3.13,1.44,2.7,1.5,2.68,1.5,2.75,1.44,2.66,-0.25,1.83,2.03,1.85,2.07,1.85,2.07,1.8,2,1.8,4.2,3.8,1.83,4,3.75,1.83,4.1,3.75,1.82,4.27,4.05,1.73,4.2,3.9,1.75,4.2,3.7,2.01,4.3,4.2,1.82,4.1,3.79,1.4,2.88,1.45,2.87,1.49,3,1.41,2.85,-0.75,2,1.85,2.03,1.88,2.2,1.92,2.02,1.81
D2,30/09/2023,19:30,Hertha,St Pauli,1,2,A,0,1,A,8,24,3,5,11,5,7,3,2,0,0,0,2.7,3.75,2.4,2.65,3.7,2.45,2.65,3.7,2.45,2.71,3.68,2.59,2.6,3.6,2.38,2.63,3.6,2.4,2.73,3.9,2.59,2.66,3.62,2.45,1.57,2.35,1.64,2.36,1.64,2.39,1.59,2.32,0,2,1.85,2,1.91,2.06,1.91,1.98,1.83,2.63,3.6,2.5,2.6,3.5,2.55,2.65,3.55,2.5,2.7,3.6,2.63,2.62,3.5,2.4,2.55,3.6,2.45,2.76,3.68,2.63,2.64,3.53,2.52,1.67,2.15,1.67,2.29,1.75,2.29,1.66,2.19,0,1.95,1.9,1.98,1.93,2.02,1.96,1.94,1.88
D2,01/10/2023,12:30,Elversberg,Greuther Furth,1,1,D,1,1,D,11,15,4,5,13,19,2,8,1,1,0,0,2.55,3.75,2.6,2.5,3.7,2.55,2.5,3.65,2.6,2.48,3.94,2.7,2.4,3.75,2.5,2.4,3.8,2.55,2.55,4.05,2.7,2.46,3.75,2.58,1.53,2.4,1.57,2.52,1.57,2.55,1.52,2.46,0,1.85,2,1.87,2.04,1.95,2.04,1.86,1.95,2.4,3.6,2.88,2.4,3.6,2.75,2.4,3.65,2.75,2.48,3.64,2.86,2.3,3.6,2.7,2.38,3.7,2.63,2.49,3.8,2.93,2.39,3.63,2.75,1.65,2.2,1.68,2.28,1.69,2.5,1.61,2.28,-0.25,2.05,1.75,2.14,1.78,2.14,1.85,2.06,1.76
D2,01/10/2023,12:30,Nurnberg,Magdeburg,1,0,H,0,0,D,16,13,6,1,14,21,7,3,6,5,0,0,2.6,3.75,2.5,2.55,3.7,2.55,2.6,3.7,2.5,2.67,3.78,2.57,2.5,3.75,2.4,2.55,3.6,2.5,2.67,3.8,2.65,2.57,3.66,2.51,1.57,2.35,1.63,2.37,1.63,2.41,1.58,2.31,0,1.95,1.9,1.99,1.92,1.99,1.98,1.92,1.88,2.2,3.8,2.9,2.15,3.75,3,2.2,3.8,2.95,2.27,3.79,3.09,2.1,3.75,3,2.1,3.9,2.9,2.35,4.05,3.17,2.18,3.77,3.01,1.5,2.5,1.56,2.54,1.61,2.71,1.52,2.5,-0.25,1.95,1.9,1.98,1.93,2.02,2,1.9,1.9
D2,01/10/2023,12:30,Osnabruck,Kaiserslautern,2,2,D,2,1,H,9,32,4,13,15,13,4,13,4,3,0,0,2.75,3.6,2.45,2.75,3.6,2.4,2.75,3.55,2.45,2.77,3.67,2.54,2.7,3.6,2.3,2.7,3.5,2.4,2.8,3.75,2.54,2.72,3.57,2.42,1.67,2.15,1.71,2.23,1.78,2.25,1.68,2.14,0,2.05,1.8,2.04,1.87,2.09,1.87,2.02,1.8,2.6,3.6,2.63,2.6,3.5,2.55,2.6,3.55,2.55,2.62,3.59,2.73,2.45,3.6,2.6,2.55,3.5,2.5,2.78,3.7,2.76,2.6,3.55,2.56,1.7,2.1,1.74,2.18,1.8,2.31,1.69,2.14,0,1.9,1.95,1.91,1.99,2,2.04,1.92,1.89
D2,06/10/2023,17:30,Fortuna Dusseldorf,Osnabruck,1,1,D,0,0,D,19,9,4,3,13,11,8,1,5,3,0,0,1.57,4.33,5.25,1.55,4.5,5.25,1.6,4.4,4.9,1.59,4.64,5.36,1.5,4.5,5,1.53,4.5,5,1.59,4.63,5.5,1.55,4.49,5.14,1.44,2.7,1.47,2.79,1.5,2.81,1.45,2.66,-1,1.9,1.95,1.95,1.95,1.95,2.06,1.89,1.91,1.57,4.5,5,1.6,4.4,5,1.6,4.4,4.9,1.61,4.51,5.32,1.53,4.5,4.8,1.55,4.5,4.75,1.62,4.6,5.43,1.57,4.47,5.01,1.44,2.7,1.46,2.83,1.46,2.92,1.43,2.75,-1,1.98,1.88,2,1.91,2,1.98,1.92,1.89
D2,06/10/2023,17:30,Kaiserslautern,Hannover,3,1,H,1,1,D,16,11,11,4,13,17,5,2,4,2,0,1,2.3,3.5,2.9,2.3,3.5,2.9,2.35,3.55,2.85,2.34,3.62,3.08,2.2,3.6,2.88,2.25,3.5,2.9,2.4,3.7,3.04,2.3,3.54,2.91,1.65,2.2,1.68,2.29,1.68,2.3,1.65,2.2,-0.25,2,1.85,2.03,1.88,2.07,1.89,1.97,1.83,2.25,3.6,3.1,2.2,3.6,3.1,2.25,3.6,3.05,2.28,3.54,3.25,2.2,3.6,2.88,2.2,3.5,3,2.39,3.68,3.25,2.24,3.56,3.04,1.7,2.1,1.73,2.19,1.77,2.31,1.66,2.19,-0.25,1.95,1.9,1.97,1.93,2.02,1.93,1.93,1.86
D2,07/10/2023,12:00,Greuther Furth,Hansa Rostock,1,0,H,1,0,H,9,8,4,2,11,16,8,2,1,7,0,0,1.8,4,4.2,1.78,3.8,4.2,1.8,3.8,4.2,1.8,3.89,4.6,1.75,3.8,4,1.75,3.8,4.2,1.81,4,4.6,1.78,3.76,4.25,1.75,2.05,1.85,2.04,1.85,2.09,1.78,2.01,-0.75,2,1.85,2.03,1.88,2.06,1.88,1.99,1.81,1.75,3.8,4.75,1.77,3.8,4.4,1.75,3.75,4.5,1.79,3.79,4.84,1.7,3.8,4.33,1.75,3.7,4.33,1.79,3.92,4.84,1.75,3.76,4.44,1.7,2.1,1.74,2.18,1.81,2.23,1.69,2.12,-0.75,1.98,1.88,2.01,1.9,2.02,1.9,1.95,1.84
D2,07/10/2023,12:00,Magdeburg,Karlsruhe,1,1,D,0,1,A,19,2,5,2,4,12,7,1,3,2,0,0,2.25,3.6,2.9,2.3,3.8,2.8,2.25,3.75,2.9,2.3,4.05,2.89,2.2,3.9,2.7,2.2,3.9,2.75,2.32,4.05,2.9,2.26,3.82,2.8,1.53,2.4,1.52,2.63,1.57,2.63,1.51,2.5,-0.25,2.03,1.83,2.03,1.88,2.07,1.88,1.98,1.82,2.45,3.6,2.7,2.45,3.7,2.6,2.45,3.7,2.65,2.52,3.7,2.72,2.3,3.75,2.62,2.38,3.9,2.55,2.55,4,2.96,2.4,3.78,2.66,1.53,2.4,1.56,2.54,1.56,2.68,1.49,2.54,0,1.8,2.05,1.87,2.05,1.96,2.15,1.81,2
D2,07/10/2023,12:00,Wehen,Hamburg,1,1,D,0,0,D,6,23,2,5,11,3,4,13,2,2,0,0,4.5,4.33,1.67,4.4,4.2,1.68,4.3,4.2,1.7,4.61,4.6,1.68,4.2,4.2,1.65,4.33,4.33,1.62,4.61,4.6,1.7,4.41,4.31,1.66,1.44,2.7,1.47,2.78,1.5,2.8,1.45,2.63,0.75,2.05,1.8,2.07,1.85,2.07,1.85,2,1.8,4,4.2,1.8,4,4.2,1.75,4.2,3.95,1.77,4.07,4.43,1.82,4,4.2,1.7,3.9,4.2,1.73,4.4,4.5,1.82,4.11,4.22,1.73,1.44,2.7,1.46,2.83,1.5,2.92,1.43,2.73,0.75,1.85,2,1.88,2.03,2,2.03,1.89,1.9
D2,07/10/2023,19:30,St Pauli,Nurnberg,5,1,H,1,1,D,20,7,7,3,7,11,8,4,4,1,0,0,1.57,4.2,5.75,1.6,4.2,5.25,1.6,4.1,5.25,1.61,4.32,5.6,1.55,4.2,5,1.57,4.1,5.25,1.61,4.33,5.75,1.58,4.15,5.28,1.7,2.1,1.75,2.16,1.77,2.16,1.71,2.1,-1,2,1.85,2.04,1.87,2.04,1.88,1.98,1.83,1.53,4.33,6,1.55,4.33,5.5,1.57,4.2,5.5,1.57,4.41,5.9,1.5,4.33,5.5,1.53,4.33,5.25,1.6,4.5,6,1.54,4.31,5.67,1.65,2.2,1.68,2.28,1.74,2.34,1.64,2.22,-1,1.9,1.95,1.96,1.94,1.98,2,1.89,1.91
D2,08/10/2023,12:30,Braunschweig,Paderborn,1,3,A,1,2,A,24,11,4,6,9,9,13,4,3,0,0,0,3.1,3.6,2.2,3,3.8,2.15,3,3.7,2.2,3.13,3.86,2.22,2.9,3.8,2.1,3,3.7,2.15,3.14,3.86,2.22,3.03,3.72,2.16,1.57,2.35,1.62,2.4,1.62,2.45,1.57,2.35,0.25,1.93,1.93,1.96,1.94,1.96,1.94,1.91,1.88,2.8,3.5,2.4,2.8,3.6,2.37,2.8,3.6,2.35,2.89,3.59,2.48,2.75,3.6,2.3,2.75,3.5,2.38,3.08,3.74,2.48,2.8,3.59,2.35,1.62,2.25,1.68,2.28,1.68,2.39,1.6,2.29,0.25,1.73,2.08,1.78,2.14,1.91,2.14,1.78,2.02
D2,08/10/2023,12:30,Holstein Kiel,Elversberg,1,1,D,1,0,H,23,9,7,4,13,16,11,2,1,1,0,0,2.1,3.8,3.2,2.15,3.9,2.95,2.15,3.85,3.05,2.15,4.11,3.13,2.05,4,2.9,2.1,3.7,3.1,2.18,4.11,3.2,2.12,3.87,3.02,1.48,2.6,1.49,2.73,1.5,2.78,1.45,2.66,-0.25,1.85,2,1.89,2.01,1.92,2.04,1.85,1.94,2.1,3.8,3.2,2.1,3.8,3.1,2.2,3.8,2.95,2.1,3.93,3.36,2.05,3.8,3.1,2.05,3.8,3.1,2.23,3.96,3.36,2.13,3.82,3.06,1.48,2.6,1.51,2.66,1.52,2.8,1.47,2.63,-0.25,1.83,2.03,1.84,2.08,1.97,2.08,1.86,1.94
D2,08/10/2023,12:30,Schalke 04,Hertha,1,2,A,0,1,A,16,16,6,4,15,14,11,5,2,3,1,0,2.3,3.8,2.8,2.3,3.8,2.8,2.3,3.85,2.8,2.3,4.04,2.89,2.2,3.9,2.7,2.25,3.8,2.75,2.34,4.04,2.89,2.26,3.84,2.78,1.44,2.7,1.48,2.76,1.5,2.76,1.45,2.66,-0.25,2,1.85,2.03,1.88,2.03,1.88,1.97,1.82,1.91,4,3.6,2,3.8,3.3,2.2,3.75,3,1.99,3.97,3.63,2.05,3.8,3.1,2,3.8,3.2,2.25,4.2,3.63,2.05,3.83,3.23,1.5,2.5,1.5,2.69,1.52,2.75,1.48,2.57,-0.25,1.68,2.15,1.74,2.2,1.97,2.21,1.79,2.01
D2,20/10/2023,17:30,Elversberg,Braunschweig,3,0,H,2,0,H,13,7,7,4,12,9,6,1,0,1,0,0,1.91,3.8,3.75,1.88,3.8,3.8,1.9,3.8,3.8,1.9,4.14,3.84,1.8,3.8,3.9,1.83,4,3.6,1.91,4.14,3.9,1.88,3.87,3.72,1.57,2.35,1.6,2.45,1.61,2.45,1.57,2.35,-0.5,1.88,1.98,1.9,2.01,1.93,2.01,1.85,1.95,1.73,4.2,4.2,1.8,4,4,1.8,4,3.95,1.8,4.14,4.31,1.73,4,4,1.75,4,4,1.9,4.28,4.55,1.78,4.02,4.05,1.5,2.5,1.56,2.54,1.59,2.6,1.53,2.45,-0.75,1.98,1.88,2.02,1.88,2.07,1.94,1.99,1.83
D2,20/10/2023,17:30,Hannover,Magdeburg,2,1,H,1,0,H,14,13,4,8,9,14,6,9,2,3,0,0,2.15,3.75,3.1,2.15,3.8,3,2.2,3.7,3,2.16,3.95,3.21,2.1,3.8,2.9,2.1,3.8,3,2.2,3.96,3.21,2.13,3.81,3.06,1.5,2.5,1.53,2.6,1.53,2.64,1.48,2.56,-0.25,1.88,1.98,1.89,2.01,1.92,2.04,1.85,1.94,2.15,3.75,3.1,2.15,3.8,3,2.2,3.7,3,2.19,3.8,3.23,2.15,3.75,2.88,2.1,3.8,3,2.23,3.95,3.36,2.15,3.78,3.07,1.5,2.5,1.54,2.59,1.54,2.66,1.49,2.55,-0.25,1.9,1.95,1.92,1.99,1.94,2.03,1.87,1.94
D2,21/10/2023,12:00,Hamburg,Greuther Furth,2,0,H,2,0,H,17,14,4,3,12,12,6,7,2,4,0,0,1.67,4.33,4.5,1.65,4.4,4.5,1.7,4.2,4.4,1.68,4.52,4.68,1.62,4.4,4.2,1.62,4.33,4.33,1.68,4.52,4.75,1.65,4.31,4.47,1.44,2.7,1.47,2.79,1.47,2.85,1.43,2.72,-0.75,1.83,2.03,1.85,2.07,1.86,2.07,1.8,2,1.65,4.33,4.5,1.68,4.2,4.33,1.7,4.2,4.3,1.69,4.46,4.62,1.62,4.33,4.33,1.65,4.33,4.2,1.71,4.46,4.79,1.66,4.29,4.48,1.44,2.7,1.48,2.77,1.49,2.85,1.44,2.7,-0.75,1.83,2.03,1.87,2.04,1.88,2.09,1.81,2
D2,21/10/2023,12:00,Osnabruck,Wehen,0,2,A,0,1,A,19,14,5,5,14,17,2,3,3,1,0,0,2.25,3.6,3,2.15,3.75,3,2.2,3.7,3,2.31,3.64,3.13,2.15,3.75,2.9,2.15,3.7,2.9,2.31,3.75,3.13,2.2,3.65,3,1.65,2.2,1.7,2.24,1.7,2.35,1.63,2.21,-0.25,1.95,1.9,2,1.91,2,1.94,1.91,1.88,2,3.8,3.4,2.05,3.75,3.3,2.1,3.75,3.2,2.1,3.81,3.44,2,3.7,3.2,2.05,3.8,3.13,2.22,3.9,3.5,2.06,3.74,3.27,1.57,2.35,1.61,2.43,1.65,2.5,1.57,2.36,-0.25,1.78,2.1,1.84,2.08,1.93,2.16,1.8,2.02
D2,21/10/2023,12:00,Paderborn,St Pauli,2,2,D,1,0,H,6,17,3,3,7,11,3,6,0,1,0,0,3.3,3.8,2.05,3.1,3.75,2.1,3.15,3.75,2.1,3.21,3.95,2.16,3,3.8,2.05,3.1,3.8,2.05,3.3,3.95,2.16,3.12,3.78,2.1,1.57,2.35,1.6,2.45,1.6,2.55,1.55,2.4,0.25,2,1.85,2.01,1.89,2.02,1.89,1.96,1.82,3.3,3.8,2,3.25,3.7,2.1,3.25,3.5,2.15,3.45,3.84,2.09,3.2,3.75,2,3.13,3.7,2.05,3.54,3.84,2.15,3.25,3.74,2.07,1.6,2.3,1.65,2.33,1.65,2.45,1.59,2.31,0.25,2.05,1.8,2.08,1.82,2.12,1.87,2.01,1.8
D2,21/10/2023,19:30,Fortuna Dusseldorf,Kaiserslautern,4,3,H,1,3,A,20,16,5,8,12,8,6,5,4,1,0,0,1.85,4,3.8,1.88,3.8,3.75,1.95,3.7,3.6,1.91,3.91,4,1.83,3.9,3.6,1.85,3.8,3.7,1.92,4,4,1.87,3.82,3.78,1.65,2.2,1.7,2.24,1.7,2.3,1.63,2.22,-0.5,1.88,1.98,1.91,2,1.91,2,1.85,1.94,1.85,3.8,3.8,1.88,3.75,3.8,1.95,3.7,3.65,1.91,3.84,4.07,1.83,3.75,3.75,1.85,3.8,3.7,2.02,3.86,4.09,1.91,3.74,3.74,1.67,2.15,1.71,2.22,1.73,2.26,1.67,2.16,-0.5,1.88,1.98,1.91,1.99,2,2.03,1.9,1.91
D2,22/10/2023,12:30,Hansa Rostock,Holstein Kiel,1,3,A,1,1,D,22,10,9,5,13,14,9,2,1,4,0,1,2.7,3.6,2.45,2.7,3.6,2.45,2.7,3.55,2.45,2.83,3.59,2.53,2.62,3.6,2.38,2.7,3.5,2.4,2.83,3.62,2.53,2.71,3.53,2.44,1.67,2.15,1.71,2.23,1.71,2.28,1.65,2.19,0,2.05,1.8,2.07,1.85,2.08,1.85,2.01,1.8,2.5,3.5,2.7,2.55,3.3,2.75,2.55,3.4,2.7,2.65,3.29,2.88,2.4,3.4,2.7,2.5,3.3,2.7,2.84,3.53,2.94,2.56,3.35,2.73,1.88,1.98,1.92,1.97,2.02,2.26,1.81,2,0,1.83,2.03,1.87,2.04,1.89,2.09,1.84,1.98
D2,22/10/2023,12:30,Karlsruhe,Schalke 04,3,0,H,2,0,H,12,9,5,3,13,13,7,5,1,1,0,0,2.3,3.75,2.8,2.25,3.8,2.87,2.35,3.75,2.8,2.4,3.79,2.88,2.2,3.9,2.7,2.3,3.7,2.75,2.4,3.9,2.88,2.31,3.75,2.77,1.53,2.4,1.57,2.51,1.57,2.55,1.52,2.45,-0.25,2.03,1.83,2.1,1.83,2.1,1.89,2.01,1.79,2.3,3.75,2.8,2.35,3.75,2.75,2.35,3.75,2.75,2.37,3.84,2.9,2.3,3.7,2.7,2.25,3.7,2.75,2.39,3.9,2.95,2.31,3.74,2.81,1.48,2.6,1.5,2.68,1.54,2.85,1.49,2.55,-0.25,2.03,1.83,2.07,1.85,2.09,1.9,2.01,1.81
D2,22/10/2023,12:30,Nurnberg,Hertha,3,1,H,0,1,A,18,14,7,6,13,11,11,5,3,2,1,1,2.8,3.6,2.38,2.75,3.7,2.35,2.8,3.7,2.35,2.77,3.77,2.49,2.7,3.75,2.25,2.7,3.5,2.4,2.8,3.77,2.49,2.72,3.65,2.39,1.6,2.3,1.61,2.42,1.61,2.45,1.58,2.33,0,2.1,1.78,2.06,1.85,2.09,1.86,2.03,1.79,2.5,3.6,2.63,2.45,3.6,2.65,2.5,3.65,2.65,2.56,3.55,2.82,2.4,3.7,2.6,2.4,3.6,2.63,2.61,3.77,2.82,2.48,3.61,2.65,1.6,2.3,1.65,2.33,1.65,2.45,1.58,2.33,0,1.83,2.03,1.86,2.05,1.89,2.08,1.84,1.97
D2,27/10/2023,17:30,Braunschweig,Fortuna Dusseldorf,1,4,A,0,2,A,16,12,5,6,12,6,8,4,2,1,0,0,3.75,4.2,1.83,3.9,3.8,1.85,3.8,3.95,1.85,4.01,3.97,1.89,3.75,3.9,1.8,3.7,3.9,1.83,4.01,4.2,1.89,3.85,3.9,1.84,1.6,2.3,1.65,2.34,1.65,2.42,1.6,2.31,0.5,2,1.85,2.01,1.89,2.05,1.9,1.98,1.83,3.75,4,1.91,3.75,3.8,1.9,3.65,3.85,1.9,3.91,3.83,1.95,3.7,3.8,1.83,3.5,3.9,1.87,3.97,4,2,3.75,3.84,1.88,1.6,2.3,1.67,2.31,1.67,2.4,1.6,2.3,0.5,1.93,1.93,1.95,1.95,2.05,2,1.93,1.88
D2,27/10/2023,17:30,Greuther Furth,Osnabruck,4,0,H,1,0,H,13,5,6,2,15,15,10,1,0,3,0,0,1.75,4.2,4.2,1.75,4,4.2,1.73,4.1,4.3,1.76,4.32,4.32,1.67,4.2,4.2,1.7,4.1,4.1,1.78,4.32,4.5,1.74,4.08,4.18,1.57,2.35,1.58,2.49,1.6,2.63,1.55,2.4,-0.75,1.93,1.93,1.96,1.94,1.98,1.98,1.92,1.88,1.65,4.2,5,1.66,4.1,4.8,1.67,4,4.7,1.68,4.32,5.01,1.6,4.2,4.6,1.65,4.1,4.4,1.72,4.32,5.09,1.67,4.12,4.65,1.65,2.2,1.65,2.34,1.67,2.48,1.6,2.29,-0.75,1.8,2.05,1.86,2.05,1.88,2.09,1.83,1.98
D2,28/10/2023,12:00,Hertha,Paderborn,3,1,H,2,0,H,11,16,5,6,13,14,3,9,5,1,1,0,2.2,3.75,3.1,2.2,3.8,2.95,2.2,3.7,3,2.25,3.95,3.02,2.15,3.8,2.88,2.15,3.8,2.88,2.25,3.95,3.1,2.19,3.78,2.96,1.53,2.4,1.56,2.55,1.56,2.55,1.52,2.45,-0.25,1.98,1.88,1.98,1.93,2.02,1.95,1.92,1.89,2.2,3.8,3,2.15,3.8,3,2.2,3.75,3,2.27,3.65,3.19,2.15,3.7,2.9,2.1,3.8,3,2.28,3.88,3.29,2.15,3.74,3.04,1.5,2.5,1.55,2.58,1.55,2.68,1.5,2.51,-0.25,1.93,1.93,1.97,1.93,1.97,1.98,1.86,1.93
D2,28/10/2023,12:00,Schalke 04,Hannover,3,2,H,1,0,H,11,14,6,3,15,15,4,5,4,1,0,0,2.3,3.75,2.8,2.25,3.8,2.8,2.35,3.75,2.75,2.34,4.06,2.82,2.2,3.9,2.7,2.25,3.8,2.7,2.35,4.06,2.82,2.29,3.81,2.76,1.53,2.4,1.54,2.6,1.54,2.6,1.51,2.49,-0.25,2.05,1.8,2.06,1.85,2.12,1.85,2.01,1.8,2.3,3.75,2.8,2.35,3.6,2.8,2.35,3.8,2.7,2.39,3.77,2.91,2.25,3.75,2.7,2.25,3.75,2.75,2.39,3.93,2.91,2.31,3.72,2.79,1.65,2.2,1.68,2.28,1.68,2.55,1.58,2.31,-0.25,2.05,1.8,2.08,1.84,2.09,1.84,2,1.8
D2,28/10/2023,12:00,St Pauli,Karlsruhe,2,1,H,0,1,A,20,6,9,3,10,10,7,3,1,2,0,0,1.65,4.2,4.75,1.66,4.2,4.6,1.65,4.2,4.8,1.66,4.36,5.01,1.62,4.2,4.4,1.62,4.2,4.6,1.7,4.36,5.01,1.64,4.19,4.7,1.53,2.4,1.57,2.51,1.57,2.52,1.54,2.41,-0.75,1.8,2.05,1.83,2.09,1.84,2.09,1.79,2.02,1.57,4.33,5.5,1.55,4.33,5.75,1.55,4.4,5.5,1.57,4.36,6.01,1.5,4.33,5.5,1.53,4.2,5.5,1.61,4.42,6.3,1.54,4.3,5.57,1.62,2.25,1.63,2.35,1.63,2.55,1.58,2.32,-1,1.9,1.95,1.94,1.96,2.02,1.99,1.89,1.91
D2,28/10/2023,19:30,Kaiserslautern,Hamburg,3,3,D,2,1,H,13,20,5,9,8,15,3,4,1,4,0,0,3,3.8,2.2,3,3.75,2.15,2.95,3.75,2.2,3.07,3.96,2.23,2.9,3.8,2.1,2.88,3.8,2.15,3.07,3.96,2.23,2.98,3.78,2.17,1.53,2.4,1.57,2.51,1.62,2.52,1.56,2.38,0.25,1.93,1.93,1.95,1.95,1.96,1.96,1.9,1.89,2.7,3.8,2.38,2.7,3.7,2.4,2.8,3.75,2.3,2.76,3.88,2.46,2.7,3.75,2.25,2.63,3.8,2.3,2.91,3.88,2.46,2.74,3.75,2.34,1.53,2.4,1.55,2.58,1.6,2.63,1.52,2.47,0,2.05,1.8,2.07,1.85,2.12,1.85,2.06,1.77
D2,29/10/2023,12:30,Holstein Kiel,Nurnberg,0,2,A,0,0,D,14,21,1,5,12,8,7,3,2,4,0,0,2.05,3.8,3.25,2.05,3.75,3.25,2.1,3.8,3.2,2.11,3.89,3.37,2,3.75,3.2,2.05,3.7,3.2,2.12,3.89,3.37,2.06,3.77,3.24,1.57,2.35,1.61,2.42,1.61,2.42,1.58,2.34,-0.25,1.8,2.05,1.85,2.07,1.85,2.09,1.79,2.02,2.2,3.8,3,2.2,3.7,3,2.2,3.7,3,2.26,3.71,3.19,2.15,3.7,2.9,2.15,3.75,2.9,2.26,3.85,3.27,2.19,3.68,3.02,1.6,2.3,1.65,2.32,1.66,2.5,1.59,2.31,-0.25,1.9,1.95,1.95,1.95,1.96,2.02,1.9,1.9
D2,29/10/2023,12:30,Magdeburg,Elversberg,1,2,A,0,2,A,18,8,5,4,12,14,5,3,2,2,0,0,2.1,3.75,3.2,2.1,3.9,3.1,2.1,3.8,3.1,2.13,3.92,3.29,2,4,3,2.05,4,3,2.14,4.09,3.3,2.09,3.82,3.14,1.5,2.5,1.54,2.61,1.54,2.61,1.51,2.5,-0.25,1.85,2,1.87,2.04,1.91,2.04,1.83,1.98,2.05,3.8,3.3,2.1,3.9,3.1,2.1,3.85,3.1,2.08,3.87,3.46,2,3.9,3.1,2,3.9,3.1,2.17,4,3.46,2.07,3.81,3.19,1.44,2.7,1.44,2.87,1.53,2.9,1.42,2.77,-0.25,1.78,2.03,1.81,2.09,1.86,2.11,1.81,1.99
D2,29/10/2023,12:30,Wehen,Hansa Rostock,1,0,H,0,0,D,16,16,6,4,7,9,9,11,1,0,0,0,2.3,3.5,3,2.3,3.5,2.9,2.3,3.5,2.95,2.33,3.51,3.19,2.2,3.6,2.9,2.25,3.4,3,2.33,3.65,3.19,2.27,3.47,3,1.85,2,1.88,2,1.88,2.1,1.81,1.98,-0.25,1.98,1.88,2.01,1.89,2.01,1.91,1.95,1.85,2.45,3.5,2.8,2.37,3.4,2.9,2.35,3.45,2.9,2.48,3.42,3.02,2.3,3.5,2.8,2.38,3.4,2.8,2.48,3.55,3.05,2.37,3.41,2.9,1.8,2,1.85,2.05,1.89,2.12,1.79,1.99,-0.25,2.1,1.78,2.13,1.81,2.16,1.85,2.04,1.78
D2,03/11/2023,17:30,Elversberg,St Pauli,0,2,A,0,2,A,7,10,2,4,10,7,6,3,2,1,0,0,3.3,3.8,2,3.5,3.7,2,3.35,3.65,2.05,3.65,3.88,2.01,3.25,3.6,1.95,3.4,3.7,1.95,3.65,3.88,2.05,3.45,3.73,1.99,1.67,2.15,1.68,2.28,1.69,2.31,1.64,2.22,0.5,1.88,1.98,1.89,2.01,1.92,2.02,1.84,1.97,3,3.6,2.2,3.1,3.5,2.2,3.2,3.65,2.15,3.25,3.67,2.23,2.9,3.5,2.15,3.25,3.7,2,3.55,3.76,2.29,3.2,3.62,2.13,1.7,2.1,1.74,2.18,1.76,2.31,1.69,2.14,0.25,1.93,1.93,1.96,1.94,2.1,2.04,1.97,1.85
D2,03/11/2023,17:30,Fortuna Dusseldorf,Wehen,1,3,A,0,3,A,25,11,7,5,14,6,6,6,4,5,0,0,1.55,4.5,5.25,1.57,4.4,5,1.6,4.3,4.9,1.58,4.67,5.46,1.5,4.33,5,1.53,4.5,5,1.6,4.67,5.46,1.56,4.46,5.17,1.48,2.6,1.51,2.65,1.53,2.65,1.5,2.54,-1,1.9,1.95,1.93,1.97,1.96,2.01,1.89,1.92,1.5,4.5,5.75,1.55,4.4,5.5,1.55,4.4,5.5,1.55,4.66,5.83,1.5,4.33,5.5,1.53,4.4,5,1.6,4.7,6.27,1.53,4.46,5.53,1.53,2.4,1.56,2.53,1.59,2.6,1.52,2.47,-1,1.88,1.98,1.88,2.02,1.93,2.06,1.86,1.96
D2,04/11/2023,12:00,Kaiserslautern,Greuther Furth,0,2,A,0,1,A,18,13,2,6,8,13,9,3,3,2,1,0,2.15,3.6,3.25,2.15,3.7,3.1,2.15,3.65,3.15,2.15,3.72,3.4,2.05,3.6,3,2.05,3.7,3.13,2.17,3.8,3.4,2.11,3.64,3.21,1.62,2.25,1.68,2.28,1.7,2.33,1.63,2.24,-0.25,1.83,2.03,1.87,2.04,1.88,2.08,1.82,1.98,2.3,3.4,3.1,2.2,3.5,3.1,2.2,3.5,3.15,2.32,3.58,3.16,2.1,3.5,3,2.15,3.5,3.1,2.32,3.72,3.32,2.21,3.5,3.09,1.75,2.05,1.79,2.11,1.83,2.29,1.75,2.06,-0.25,2,1.85,1.96,1.94,2.03,2.02,1.91,1.9
D2,04/11/2023,12:00,Nurnberg,Schalke 04,1,2,A,0,1,A,15,11,4,4,9,18,4,7,4,2,0,0,2.25,3.6,3,2.25,3.75,2.87,2.25,3.65,2.95,2.25,3.84,3.09,2.1,3.9,2.75,2.15,3.8,2.88,2.3,4,3.09,2.21,3.75,2.93,1.57,2.35,1.6,2.45,1.6,2.55,1.54,2.42,-0.25,1.93,1.93,1.97,1.93,1.99,1.97,1.93,1.87,2.05,3.6,3.4,2.1,3.7,3.2,2.2,3.75,3.05,2.11,3.8,3.43,2.1,3.7,2.9,2.1,3.75,3,2.23,3.82,3.45,2.11,3.69,3.19,1.62,2.25,1.65,2.32,1.65,2.55,1.58,2.32,-0.25,1.8,2.05,1.84,2.08,1.9,2.11,1.84,1.96
D2,04/11/2023,12:00,Osnabruck,Holstein Kiel,1,1,D,0,0,D,14,16,4,9,19,15,6,5,1,3,0,0,2.88,3.6,2.38,2.7,3.75,2.35,2.75,3.7,2.35,2.91,3.88,2.35,2.62,3.7,2.25,2.7,3.8,2.25,2.91,3.88,2.4,2.77,3.75,2.31,1.53,2.4,1.56,2.53,1.56,2.63,1.51,2.49,0.25,1.83,2.03,1.86,2.06,1.87,2.08,1.81,2,2.75,3.5,2.5,2.7,3.7,2.37,2.7,3.7,2.4,2.83,3.66,2.5,2.6,3.7,2.25,2.63,3.75,2.38,2.89,3.82,2.5,2.71,3.65,2.4,1.62,2.25,1.65,2.34,1.65,2.55,1.57,2.35,0,2.03,1.83,2.08,1.84,2.11,1.87,2.02,1.8
D2,04/11/2023,19:30,Hamburg,Magdeburg,2,0,H,1,0,H,16,13,7,4,18,10,4,6,1,2,0,1,1.57,4.75,4.75,1.58,4.75,4.8,1.57,4.7,4.8,1.57,5.02,5.15,1.5,4.75,4.6,1.53,4.75,4.75,1.59,5.02,5.15,1.56,4.76,4.84,1.33,3.4,1.37,3.25,1.37,3.4,1.34,3.16,-1,1.88,1.98,1.88,2.03,1.94,2.03,1.86,1.95,1.62,4.75,4.33,1.61,4.8,4.33,1.57,4.9,4.6,1.63,4.92,4.68,1.5,4.75,4.5,1.55,4.8,4.5,1.63,5.14,5,1.58,4.85,4.63,1.29,3.6,1.3,3.67,1.31,3.67,1.28,3.53,-1,1.98,1.88,1.99,1.92,2.02,2.02,1.89,1.93
D2,05/11/2023,12:30,Hannover,Braunschweig,2,0,H,2,0,H,12,0,6,0,10,13,2,5,2,7,0,1,1.57,4,5.75,1.58,4.33,5.25,1.6,4.1,5.25,1.59,4.51,5.56,1.53,4.33,4.8,1.55,4.2,5.25,1.66,4.55,5.75,1.58,4.26,5.21,1.57,2.35,1.6,2.45,1.6,2.45,1.55,2.36,-1,1.93,1.93,1.97,1.93,2.05,1.97,1.94,1.87,1.55,4,6.5,1.53,4.2,6,1.53,4.4,5.75,1.55,4.36,6.53,1.44,4.2,6,1.5,4.33,5.75,1.57,4.53,6.75,1.52,4.28,6.11,1.73,2.08,1.76,2.15,1.89,2.45,1.7,2.12,-1,1.9,1.95,1.93,1.99,1.94,2.1,1.87,1.96
D2,05/11/2023,12:30,Hansa Rostock,Hertha,0,0,D,0,0,D,8,16,2,2,17,11,7,5,2,2,0,0,3,3.6,2.25,2.9,3.7,2.25,2.9,3.6,2.3,3.06,3.68,2.33,2.75,3.6,2.2,2.9,3.5,2.3,3.06,3.7,2.33,2.92,3.6,2.27,1.62,2.25,1.68,2.28,1.69,2.28,1.64,2.22,0.25,1.85,2,1.88,2.02,1.88,2.04,1.84,1.96,2.8,3.6,2.38,2.75,3.5,2.45,2.75,3.55,2.4,2.86,3.58,2.51,2.6,3.6,2.3,2.6,3.7,2.38,3,3.7,2.55,2.76,3.54,2.42,1.62,2.25,1.65,2.35,1.69,2.42,1.63,2.26,0,2.1,1.78,2.09,1.83,2.14,1.84,2.04,1.8
D2,05/11/2023,12:30,Karlsruhe,Paderborn,0,3,A,0,1,A,16,11,7,5,10,10,2,3,4,1,0,0,2.1,3.6,3.3,2.15,3.8,3,2.1,3.65,3.2,2.19,3.77,3.27,2.05,3.9,2.9,2.1,3.7,3.1,2.19,4,3.3,2.12,3.74,3.13,1.53,2.4,1.57,2.53,1.57,2.55,1.53,2.46,-0.25,1.88,1.98,1.91,2,1.94,2.02,1.85,1.95,2.2,3.6,3.1,2.2,3.75,3,2.2,3.7,3,2.23,3.68,3.24,2.1,3.7,2.88,2.15,3.7,2.9,2.25,3.9,3.24,2.18,3.69,3.04,1.48,2.6,1.55,2.57,1.57,2.66,1.5,2.53,-0.25,1.93,1.93,1.94,1.96,1.97,1.98,1.9,1.91
D2,10/11/2023,17:30,Schalke 04,Elversberg,1,2,A,1,2,A,22,13,3,5,11,11,8,2,3,2,0,0,2.05,4,3.25,2.1,3.8,3.1,2,3.8,3.35,2.14,3.86,3.3,2,3.8,3,2.05,3.8,3.1,2.14,4,3.3,2.08,3.81,3.17,1.53,2.4,1.58,2.48,1.58,2.56,1.53,2.45,-0.25,1.85,2,1.88,2.04,1.89,2.07,1.82,1.99,1.95,4,3.5,1.98,3.8,3.5,1.95,3.8,3.5,2.05,3.96,3.48,1.91,3.8,3.2,1.95,3.9,3.3,2.09,4,3.55,1.99,3.82,3.4,1.6,2.3,1.63,2.37,1.65,2.5,1.56,2.38,-0.5,2,1.85,2.05,1.87,2.06,1.9,1.98,1.83
D2,10/11/2023,17:30,St Pauli,Hannover,0,0,D,0,0,D,13,2,2,0,12,15,7,1,2,4,0,0,1.62,4,5.25,1.65,4,5,1.67,3.95,4.8,1.66,4.14,5.31,1.55,4,5,1.62,4,4.8,1.71,4.2,5.4,1.63,4.02,5.04,1.73,2.08,1.79,2.11,1.79,2.22,1.72,2.08,-0.75,1.83,2.03,1.85,2.07,1.87,2.1,1.8,2.02,1.62,4,5.25,1.65,4,5,1.73,3.9,4.5,1.67,4.08,5.34,1.57,4,4.8,1.62,4,4.8,1.73,4.1,5.34,1.65,3.98,4.97,1.73,2.08,1.78,2.12,1.84,2.17,1.74,2.07,-0.75,1.85,2,1.86,2.05,1.89,2.08,1.82,1.99
D2,11/11/2023,12:00,Braunschweig,Osnabruck,3,2,H,1,1,D,16,6,8,3,18,12,4,4,3,5,0,1,2.25,3.5,3.1,2.3,3.5,2.95,2.25,3.5,3,2.32,3.56,3.16,2.15,3.5,2.9,2.2,3.6,2.9,2.32,3.62,3.16,2.26,3.5,3.01,1.73,2.08,1.79,2.11,1.79,2.2,1.72,2.09,-0.25,2,1.85,2.01,1.9,2.04,1.9,1.95,1.85,2.3,3.4,3,2.3,3.4,2.95,2.3,3.5,2.95,2.45,3.38,3.09,2.2,3.5,2.8,2.25,3.5,2.9,2.45,3.55,3.16,2.3,3.45,2.98,1.88,1.98,1.9,1.99,1.92,2.1,1.81,1.98,-0.25,2.05,1.8,2.1,1.82,2.1,1.88,1.98,1.82
D2,11/11/2023,12:00,Holstein Kiel,Hamburg,4,2,H,1,0,H,16,15,8,7,13,13,7,6,2,2,0,0,3.25,4,2,3.3,3.9,2,3.3,3.9,2,3.43,4.03,2.05,3,4,1.95,3.13,4,2,3.45,4.15,2.05,3.28,3.94,2,1.44,2.7,1.47,2.78,1.47,2.8,1.44,2.71,0.25,2.08,1.73,2.12,1.79,2.12,1.83,2.07,1.76,3.25,4,2,3.25,4,2,3.15,3.9,2.05,3.52,4.07,2,3.1,3.9,1.95,3.1,4,2,3.52,4.1,2.1,3.25,3.99,2,1.4,2.88,1.44,2.91,1.45,3.25,1.39,2.9,0.5,1.88,1.98,1.92,1.99,1.92,2.05,1.83,1.98
D2,11/11/2023,12:00,Paderborn,Nurnberg,1,3,A,0,3,A,24,12,9,8,17,8,12,2,2,1,0,1,2.05,3.8,3.3,2.05,3.75,3.25,2.1,3.75,3.25,2.13,3.87,3.33,2,3.7,3.1,2.05,3.7,3.13,2.13,3.87,3.34,2.07,3.74,3.23,1.6,2.3,1.63,2.38,1.63,2.39,1.59,2.32,-0.25,1.83,2.03,1.86,2.05,1.89,2.07,1.8,2.01,2.2,3.8,3,2.2,3.75,2.95,2.2,3.75,3,2.27,3.86,3.04,2.15,3.7,2.8,2.1,3.8,3,2.36,3.87,3.28,2.18,3.76,3.01,1.53,2.4,1.57,2.52,1.6,2.53,1.54,2.42,-0.25,1.98,1.88,1.99,1.92,2.03,2,1.89,1.91
D2,11/11/2023,19:30,Hertha,Karlsruhe,2,2,D,2,1,H,10,12,3,4,17,13,6,9,0,2,0,0,1.91,4,3.6,1.93,3.9,3.5,1.95,3.9,3.45,2,4.01,3.57,1.85,4,3.25,1.95,3.8,3.3,2,4.15,3.6,1.95,3.89,3.45,1.5,2.5,1.52,2.64,1.52,2.65,1.49,2.57,-0.5,1.95,1.9,2,1.9,2,1.95,1.93,1.88,1.91,3.8,3.75,1.95,3.9,3.5,1.95,3.85,3.55,1.91,4.08,3.83,1.85,3.9,3.4,1.9,3.9,3.4,1.98,4.08,3.83,1.92,3.86,3.56,1.53,2.4,1.58,2.52,1.59,2.52,1.54,2.42,-0.5,1.88,1.98,1.91,1.99,1.98,2.02,1.91,1.9
D2,12/11/2023,12:30,Greuther Furth,Fortuna Dusseldorf,1,0,H,0,0,D,9,12,4,3,16,13,3,7,4,3,0,0,2.25,3.5,3.1,2.25,3.5,2.95,2.3,3.5,2.95,2.3,3.64,3.15,2.2,3.5,2.8,2.2,3.6,3,2.33,3.7,3.15,2.25,3.53,2.99,1.7,2.1,1.74,2.19,1.79,2.2,1.7,2.13,-0.25,1.95,1.9,1.99,1.92,2,1.93,1.94,1.86,2.2,3.6,3.1,2.25,3.6,3,2.25,3.6,3,2.25,3.7,3.28,2.15,3.6,2.88,2.2,3.7,2.88,2.29,3.7,3.28,2.23,3.59,3.02,1.7,2.1,1.71,2.23,1.89,2.25,1.69,2.15,-0.25,1.93,1.93,1.95,1.95,2,1.95,1.93,1.88
D2,12/11/2023,12:30,Magdeburg,Hansa Rostock,1,2,A,1,0,H,16,16,8,5,6,15,13,2,3,2,0,0,1.8,4,4.2,1.8,3.8,4.1,1.8,3.85,4.1,1.81,4.07,4.32,1.73,3.9,3.8,1.75,3.9,4,1.84,4.09,4.32,1.8,3.88,4.07,1.62,2.25,1.65,2.34,1.67,2.35,1.61,2.27,-0.75,2,1.85,2.03,1.88,2.08,1.88,1.99,1.83,1.75,4,4.2,1.77,4,4.1,1.75,4,4.2,1.78,4.12,4.47,1.65,4,4.2,1.73,4.1,4,1.85,4.15,4.47,1.75,4.03,4.19,1.53,2.4,1.56,2.54,1.6,2.6,1.52,2.47,-0.75,1.95,1.9,1.98,1.93,2.02,1.94,1.94,1.87
D2,12/11/2023,12:30,Wehen,Kaiserslautern,2,1,H,0,1,A,12,5,6,1,16,14,5,2,0,2,0,0,2.9,3.75,2.3,2.87,3.6,2.3,2.95,3.6,2.3,2.93,3.78,2.37,2.7,3.7,2.2,2.8,3.6,2.3,2.95,3.8,2.38,2.86,3.63,2.3,1.65,2.2,1.68,2.29,1.68,2.29,1.65,2.21,0.25,1.83,2.03,1.85,2.07,1.87,2.09,1.81,2,2.63,3.75,2.5,2.6,3.6,2.5,2.6,3.65,2.5,2.66,3.63,2.66,2.45,3.7,2.4,2.55,3.6,2.45,2.68,3.79,2.66,2.6,3.62,2.51,1.57,2.35,1.64,2.36,1.68,2.42,1.61,2.29,0,1.93,1.93,1.95,1.95,2,1.97,1.93,1.88
D2,24/11/2023,17:30,Hamburg,Braunschweig,2,1,H,2,0,H,16,14,5,3,11,10,7,4,1,2,0,0,1.3,6,9,1.33,5.75,8,1.33,5.5,8.25,1.31,6.18,9.49,1.29,5.5,7.5,1.3,5.5,8,1.34,6.18,9.49,1.31,5.73,8.45,1.36,3.1,1.41,3.04,1.41,3.1,1.37,2.96,-1.5,1.85,2,1.88,2.02,1.92,2.03,1.85,1.97,1.36,5.75,7,1.33,5.75,8,1.35,5.5,7.5,1.34,6.18,8.09,1.29,5.5,8,1.3,5.75,7.5,1.36,6.18,8.6,1.33,5.69,7.67,1.36,3.1,1.35,3.31,1.39,3.4,1.34,3.15,-1.5,1.85,2,1.9,2.01,1.92,2.06,1.87,1.95
D2,24/11/2023,17:30,Hannover,Hertha,2,2,D,0,2,A,18,8,6,4,10,16,9,1,0,1,0,0,2.2,3.4,3.25,2.2,3.6,3.1,2.3,3.5,3,2.28,3.61,3.21,2.15,3.6,2.88,2.2,3.5,3,2.31,3.65,3.25,2.22,3.54,3.07,1.73,2.08,1.76,2.15,1.78,2.24,1.7,2.12,-0.25,1.93,1.93,1.97,1.93,2,1.97,1.91,1.9,2.1,3.4,3.4,2.15,3.6,3.2,2.15,3.55,3.2,2.2,3.6,3.39,2.05,3.6,3,2.1,3.6,3.1,2.21,3.65,3.4,2.15,3.54,3.21,1.7,2.1,1.76,2.14,1.8,2.23,1.71,2.11,-0.25,1.88,1.98,1.9,2.01,1.92,2.02,1.86,1.95
D2,25/11/2023,12:00,Elversberg,Paderborn,4,1,H,1,1,D,15,9,9,4,10,13,4,3,2,3,0,0,2.45,3.5,2.7,2.3,3.75,2.8,2.4,3.65,2.7,2.48,3.88,2.72,2.25,3.8,2.6,2.38,3.75,2.6,2.48,3.95,2.8,2.39,3.73,2.68,1.5,2.5,1.5,2.69,1.52,2.69,1.48,2.59,0,1.83,2.03,1.87,2.05,1.87,2.06,1.81,2.01,2.3,3.75,2.8,2.3,3.75,2.85,2.35,3.7,2.8,2.35,3.75,2.98,2.25,3.75,2.62,2.25,3.8,2.7,2.42,3.85,2.98,2.31,3.76,2.79,1.5,2.5,1.54,2.59,1.54,2.7,1.48,2.58,-0.25,2,1.85,2.05,1.87,2.08,1.9,2.02,1.81
D2,25/11/2023,12:00,Hansa Rostock,St Pauli,2,3,A,1,3,A,16,18,4,9,19,10,2,1,2,1,0,0,4.75,3.8,1.67,4.8,3.8,1.7,4.8,3.8,1.7,5,4.08,1.71,4.4,3.8,1.65,4.6,3.9,1.67,5,4.08,1.72,4.73,3.86,1.7,1.75,2.05,1.83,2.06,1.83,2.13,1.77,2.04,0.75,1.98,1.88,2,1.91,2.02,1.93,1.94,1.87,5,3.75,1.7,5,3.7,1.7,5,3.75,1.7,5.28,3.83,1.72,4.75,3.7,1.62,4.8,3.75,1.67,5.28,3.95,1.74,4.97,3.75,1.69,2.05,1.8,2.06,1.84,2.11,2.02,1.98,1.82,0.75,1.93,1.93,1.97,1.93,1.98,1.97,1.92,1.89
D2,25/11/2023,12:00,Osnabruck,Magdeburg,0,2,A,0,0,D,12,13,3,6,10,13,5,8,2,2,0,0,3.1,3.5,2.25,2.85,3.7,2.3,3,3.65,2.25,3.16,3.83,2.22,2.8,3.75,2.1,2.9,3.7,2.15,3.16,3.9,2.3,2.99,3.71,2.2,1.53,2.4,1.57,2.51,1.57,2.55,1.53,2.45,0.25,1.93,1.93,1.96,1.94,1.97,1.97,1.9,1.9,3.3,3.75,2.05,3.25,3.75,2.05,3.15,3.75,2.1,3.46,3.87,2.08,3,3.6,2.05,3.2,3.7,2.05,3.46,3.87,2.18,3.21,3.75,2.08,1.6,2.3,1.63,2.37,1.63,2.5,1.58,2.33,0.25,2.05,1.8,2.1,1.81,2.12,1.9,1.99,1.83
D2,25/11/2023,19:30,Fortuna Dusseldorf,Schalke 04,5,3,H,3,0,H,13,11,9,7,8,9,6,8,1,2,0,0,1.91,3.6,4,1.88,3.8,3.8,1.9,3.7,3.75,1.88,4,4.03,1.85,3.8,3.4,1.85,3.8,3.7,1.92,4.05,4.03,1.88,3.82,3.77,1.57,2.35,1.6,2.45,1.6,2.5,1.55,2.4,-0.5,1.85,2,1.88,2.03,1.93,2.04,1.86,1.95,2.05,3.75,3.3,2.05,3.7,3.3,2.05,3.7,3.4,2.12,3.64,3.55,2,3.7,3.1,2.05,3.7,3.2,2.12,3.83,3.75,2.04,3.66,3.41,1.6,2.3,1.64,2.35,1.65,2.48,1.59,2.32,-0.5,2.03,1.78,2.11,1.8,2.13,1.91,2.02,1.79
D2,26/11/2023,12:30,Greuther Furth,Wehen,2,0,H,1,0,H,23,14,7,6,7,18,7,6,3,5,0,0,1.73,3.8,4.75,1.72,4,4.4,1.73,3.9,4.5,1.75,4.14,4.58,1.65,3.9,4.33,1.73,3.9,4.33,1.75,4.14,4.75,1.7,3.98,4.47,1.62,2.25,1.68,2.29,1.68,2.33,1.63,2.24,-0.75,1.93,1.93,1.96,1.94,1.98,2,1.88,1.91,1.8,3.75,4.5,1.77,3.9,4.2,1.77,3.8,4.4,1.85,3.8,4.45,1.67,3.9,4.2,1.75,3.9,4,1.86,3.96,4.5,1.77,3.83,4.33,1.7,2.1,1.75,2.17,1.76,2.24,1.67,2.16,-0.75,2.05,1.8,2.08,1.82,2.14,1.9,1.97,1.84
D2,26/11/2023,12:30,Kaiserslautern,Holstein Kiel,0,3,A,0,2,A,13,11,5,6,9,11,6,10,1,1,0,0,2.2,3.75,3,2.2,3.7,3,2.2,3.7,3,2.2,3.85,3.18,2.05,3.75,2.9,2.1,3.7,3.1,2.23,3.95,3.18,2.15,3.74,3.04,1.57,2.35,1.6,2.45,1.6,2.48,1.56,2.38,-0.25,1.88,1.98,1.93,1.98,1.95,2.02,1.87,1.94,2.25,3.75,2.9,2.25,3.7,2.95,2.15,3.75,3.1,2.37,3.64,3.01,2.15,3.7,2.8,2.2,3.75,2.8,2.45,3.82,3.1,2.24,3.7,2.92,1.57,2.35,1.6,2.45,1.6,2.53,1.54,2.42,-0.25,2.05,1.8,2.06,1.85,2.13,1.94,1.97,1.84
D2,26/11/2023,12:30,Karlsruhe,Nurnberg,4,1,H,1,0,H,19,12,8,3,10,9,6,8,2,3,0,0,2.3,3.4,3.1,2.2,3.75,2.95,2.25,3.55,3,2.29,3.88,3,2.15,3.7,2.8,2.2,3.7,2.88,2.3,3.88,3.1,2.23,3.68,2.93,1.6,2.3,1.63,2.38,1.63,2.43,1.57,2.34,-0.25,2,1.85,2,1.9,2.02,1.9,1.94,1.86,2.1,3.5,3.3,2.1,3.7,3.2,2.15,3.65,3.15,2.13,3.75,3.43,2.05,3.6,3,2.05,3.7,3.13,2.27,3.85,3.43,2.13,3.68,3.16,1.6,2.3,1.63,2.37,1.66,2.5,1.57,2.36,-0.25,1.83,2.03,1.85,2.06,1.94,2.12,1.86,1.96
D2,01/12/2023,17:30,Schalke 04,Osnabruck,4,0,H,1,0,H,14,8,5,2,15,11,3,0,2,2,0,0,1.53,4.33,5.75,1.53,4.33,5.75,1.6,4.2,5.25,1.56,4.52,5.91,1.5,4.33,5.5,1.5,4.4,5.5,1.6,4.52,5.91,1.54,4.33,5.56,1.6,2.3,1.64,2.34,1.65,2.45,1.59,2.31,-1,1.85,2,1.91,1.99,1.95,2.04,1.88,1.93,1.53,4.5,6,1.53,4.4,5.75,1.6,4.2,5.25,1.53,4.51,6.32,1.44,4.5,5.5,1.5,4.4,5.5,1.6,4.59,6.5,1.52,4.42,5.7,1.53,2.4,1.56,2.51,1.63,2.53,1.55,2.4,-1,1.8,2.05,1.85,2.07,1.95,2.11,1.84,1.98
D2,01/12/2023,17:30,St Pauli,Hamburg,2,2,D,2,0,H,16,6,5,3,5,13,9,3,1,3,0,0,1.83,4,4,1.85,3.8,3.9,1.95,3.75,3.6,1.91,3.92,4,1.83,3.75,3.5,1.85,3.8,3.7,1.95,4,4.1,1.87,3.82,3.81,1.62,2.25,1.65,2.34,1.65,2.42,1.61,2.27,-0.5,1.88,1.98,1.91,2,1.95,2.02,1.87,1.93,1.83,4,4,1.83,3.8,4,1.95,3.75,3.6,1.87,3.88,4.21,1.75,3.8,3.8,1.8,3.9,3.8,1.95,4,4.25,1.85,3.82,3.94,1.65,2.2,1.68,2.27,1.7,2.35,1.63,2.24,-0.5,1.83,2.03,1.87,2.04,1.95,2.08,1.85,1.95
D2,02/12/2023,12:00,Braunschweig,Greuther Furth,0,1,A,0,1,A,13,7,6,1,7,16,2,5,4,3,0,0,3.75,3.6,1.95,3.4,3.7,2,3.5,3.65,2,3.76,3.66,2.04,3.4,3.6,1.91,3.4,3.7,1.95,3.78,3.85,2.04,3.59,3.64,1.97,1.75,2.05,1.85,2.05,1.85,2.11,1.76,2.03,0.5,1.88,1.98,1.87,2.04,1.93,2.04,1.84,1.97,3.3,3.5,2.15,3.3,3.5,2.1,3.25,3.55,2.15,3.49,3.51,2.19,3.1,3.4,2.1,3.25,3.4,2.1,3.53,3.59,2.25,3.32,3.48,2.12,1.85,2,1.88,2,1.93,2.08,1.8,1.99,0.25,1.98,1.88,2.02,1.89,2.05,1.93,1.98,1.83
D2,02/12/2023,12:00,Holstein Kiel,Wehen,3,2,H,2,0,H,23,13,9,4,7,10,11,3,1,2,0,0,1.8,4,4.2,1.8,4,3.9,1.8,3.95,4,1.85,4.19,4,1.73,4,3.75,1.8,4,3.8,1.85,4.2,4.2,1.8,4.01,3.91,1.53,2.4,1.57,2.51,1.61,2.51,1.55,2.4,-0.75,2.03,1.83,2.07,1.83,2.07,1.87,2,1.8,1.8,4,4,1.83,4,3.8,1.83,3.95,3.9,1.88,4.09,3.93,1.73,4,3.75,1.8,4.1,3.7,1.88,4.15,4.24,1.82,4,3.86,1.48,2.6,1.53,2.62,1.55,2.62,1.5,2.52,-0.75,2.03,1.78,2.12,1.79,2.12,1.85,2.03,1.78
D2,02/12/2023,12:00,Nurnberg,Fortuna Dusseldorf,0,5,A,0,3,A,4,14,1,7,10,6,2,5,2,3,0,0,2.8,3.5,2.4,2.65,3.7,2.45,2.7,3.6,2.45,2.81,3.7,2.49,2.6,3.5,2.38,2.7,3.6,2.38,2.81,3.7,2.49,2.73,3.6,2.42,1.65,2.2,1.68,2.27,1.68,2.28,1.64,2.22,0,2.1,1.78,2.08,1.84,2.17,1.84,2.03,1.79,2.6,3.75,2.5,2.65,3.6,2.45,2.55,3.7,2.55,2.74,3.66,2.57,2.5,3.6,2.38,2.63,3.6,2.4,2.75,3.76,2.57,2.64,3.63,2.47,1.57,2.35,1.63,2.38,1.63,2.45,1.57,2.36,0,2,1.85,2.02,1.89,2.06,1.9,1.97,1.84
D2,02/12/2023,19:30,Magdeburg,Kaiserslautern,4,1,H,1,1,D,18,19,11,5,9,14,6,2,3,1,0,0,2,3.75,3.5,2.1,3.8,3.1,2.1,3.8,3.2,2.09,3.94,3.38,1.95,3.8,3.1,2,3.75,3.25,2.1,3.99,3.5,2.03,3.82,3.28,1.53,2.4,1.57,2.51,1.57,2.55,1.52,2.46,-0.25,1.75,2.05,1.83,2.09,1.83,2.12,1.77,2.03,1.95,3.75,3.75,2,3.75,3.4,1.97,3.8,3.45,2,3.86,3.71,1.95,3.7,3.2,1.95,3.9,3.3,2.04,3.9,3.84,1.97,3.75,3.52,1.57,2.35,1.57,2.52,1.63,2.52,1.57,2.36,-0.5,2,1.85,2,1.91,2.04,1.93,1.95,1.84
D2,03/12/2023,12:30,Hertha,Elversberg,5,1,H,2,1,H,14,15,6,5,7,8,3,4,0,2,0,0,1.91,4,3.5,1.95,3.9,3.5,1.95,3.9,3.45,1.96,4.04,3.67,1.91,3.9,3.25,1.95,3.7,3.5,2.02,4.09,3.67,1.95,3.86,3.49,1.53,2.4,1.57,2.51,1.58,2.51,1.54,2.42,-0.5,1.95,1.9,1.96,1.94,2.02,1.94,1.93,1.87,1.91,4,3.6,1.93,3.8,3.6,1.95,3.9,3.45,1.93,4.08,3.76,1.85,3.9,3.3,1.91,3.9,3.4,2.05,4.08,3.76,1.93,3.89,3.53,1.53,2.4,1.56,2.54,1.57,2.54,1.53,2.44,-0.5,1.93,1.93,1.93,1.98,1.97,1.98,1.92,1.88
D2,03/12/2023,12:30,Karlsruhe,Hansa Rostock,2,2,D,1,2,A,17,17,7,7,6,11,8,5,2,1,0,0,1.73,4,4.5,1.78,3.9,4.2,1.77,3.9,4.2,1.77,3.94,4.74,1.7,3.9,4,1.73,3.9,4.2,1.79,4.15,4.75,1.75,3.88,4.37,1.65,2.2,1.68,2.28,1.69,2.28,1.65,2.21,-0.75,1.95,1.9,1.98,1.93,1.99,1.95,1.93,1.87,1.53,4.33,6,1.57,4.2,5.5,1.63,4.1,5,1.55,4.36,6.31,1.5,4.2,5.5,1.53,4,5.75,1.77,4.55,6.65,1.55,4.2,5.67,1.62,2.25,1.65,2.32,1.72,2.32,1.64,2.22,-0.75,1.65,2.2,1.68,2.3,1.91,2.38,1.7,2.15
D2,03/12/2023,12:30,Paderborn,Hannover,1,0,H,0,0,D,21,8,6,1,18,13,6,5,1,2,0,1,2.38,3.5,2.9,2.35,3.75,2.75,2.4,3.65,2.75,2.41,3.71,2.92,2.25,3.75,2.6,2.3,3.7,2.75,2.43,3.9,2.92,2.36,3.63,2.78,1.62,2.25,1.67,2.3,1.67,2.33,1.63,2.25,-0.25,2.05,1.8,2.09,1.83,2.12,1.84,2.03,1.78,2.8,3.4,2.55,2.7,3.5,2.5,2.55,3.55,2.6,2.87,3.53,2.52,2.62,3.5,2.3,2.63,3.6,2.38,2.87,3.61,2.79,2.69,3.48,2.5,1.7,2.1,1.75,2.16,1.78,2.31,1.7,2.12,0,2.05,1.8,2.09,1.83,2.09,1.92,1.99,1.83
D2,08/12/2023,17:30,Hannover,Karlsruhe,2,2,D,0,1,A,18,15,7,7,10,13,5,4,1,0,0,0,2.05,3.6,3.4,2.05,3.6,3.5,2.1,3.55,3.3,2.06,3.68,3.67,2,3.6,3.2,2,3.6,3.4,2.13,3.72,3.67,2.03,3.63,3.44,1.75,2.05,1.82,2.07,1.83,2.15,1.75,2.06,-0.5,2,1.85,2.06,1.85,2.08,1.88,2.02,1.83,2.15,3.5,3.3,2.1,3.5,3.3,2.15,3.55,3.25,2.15,3.64,3.46,2.05,3.5,3.1,2.05,3.6,3.2,2.17,3.68,3.6,2.09,3.56,3.36,1.85,2,1.79,2.1,1.85,2.11,1.77,2.03,-0.25,1.85,2,1.87,2.05,1.9,2.09,1.81,2.02
D2,08/12/2023,17:30,Wehen,Braunschweig,1,3,A,1,0,H,10,13,2,8,10,7,4,7,2,1,0,0,1.91,3.75,3.6,1.93,3.6,3.75,1.95,3.65,3.65,1.93,3.85,3.98,1.85,3.6,3.6,1.87,3.75,3.6,1.95,3.9,4.01,1.91,3.74,3.74,1.75,2.05,1.79,2.1,1.82,2.16,1.75,2.07,-0.5,1.93,1.93,1.93,1.98,1.96,1.98,1.9,1.92,2.2,3.5,3.1,2.25,3.4,3.1,2.25,3.45,3.1,2.29,3.55,3.23,2.15,3.5,2.9,2.2,3.5,3,2.33,3.78,4.01,2.22,3.46,3.15,1.85,2,1.85,2.05,1.89,2.13,1.8,1.99,-0.25,1.95,1.9,1.98,1.93,2,2.28,1.9,1.91
D2,09/12/2023,12:00,Greuther Furth,Magdeburg,1,1,D,0,0,D,16,11,6,8,20,17,7,3,1,4,0,0,1.91,3.75,3.75,1.9,3.8,3.7,1.95,3.8,3.55,1.95,3.94,3.81,1.85,3.8,3.4,1.9,3.8,3.5,1.96,3.95,3.83,1.92,3.81,3.6,1.62,2.25,1.65,2.33,1.65,2.38,1.6,2.29,-0.5,1.93,1.93,1.95,1.95,1.97,1.97,1.92,1.89,1.95,3.6,3.75,1.98,3.6,3.6,1.97,3.65,3.6,2.06,3.72,3.64,1.91,3.6,3.4,1.95,3.7,3.4,2.09,3.82,3.83,1.99,3.65,3.57,1.73,2.08,1.75,2.16,1.8,2.4,1.68,2.16,-0.5,2.03,1.83,2.06,1.85,2.09,1.88,1.97,1.83
D2,09/12/2023,12:00,Hamburg,Paderborn,1,2,A,1,1,D,18,11,6,4,16,8,8,4,2,1,1,1,1.62,4.33,5,1.63,4.4,4.6,1.63,4.4,4.6,1.64,4.77,4.77,1.57,4.4,4.33,1.6,4.5,4.5,1.66,4.77,5,1.62,4.46,4.6,1.4,2.88,1.4,3.05,1.4,3.1,1.37,2.97,-1,1.98,1.88,2.02,1.89,2.05,1.89,1.99,1.83,1.65,4.75,4.2,1.65,4.4,4.5,1.7,4.3,4.4,1.68,4.6,4.62,1.57,4.33,4.33,1.62,4.5,4.33,1.72,4.75,4.76,1.65,4.4,4.46,1.36,3.1,1.38,3.18,1.4,3.25,1.36,3.06,-1,2.05,1.8,2.09,1.83,2.17,1.89,2.05,1.79
D2,09/12/2023,12:00,Kaiserslautern,Hertha,1,2,A,1,0,H,12,10,4,5,8,21,9,6,1,3,1,0,2.4,3.75,2.8,2.45,3.7,2.65,2.4,3.7,2.75,2.39,3.84,2.87,2.38,3.6,2.5,2.3,3.7,2.7,2.46,3.85,2.87,2.36,3.69,2.75,1.57,2.35,1.61,2.42,1.61,2.45,1.57,2.36,-0.25,2.05,1.75,2.09,1.83,2.17,1.83,2.05,1.78,2.05,3.8,3.4,2.1,3.7,3.2,2.2,3.6,3.05,2.12,3.74,3.46,2.05,3.7,3,2.05,3.7,3.13,2.37,3.85,3.46,2.11,3.68,3.2,1.62,2.25,1.67,2.3,1.69,2.49,1.6,2.29,-0.25,1.8,2.05,1.85,2.07,1.98,2.09,1.84,1.98
D2,09/12/2023,19:30,Osnabruck,St Pauli,1,1,D,0,1,A,9,19,3,4,11,10,9,10,4,0,1,0,6.5,4.2,1.5,6.25,4.5,1.5,6.25,4.5,1.5,6.7,4.42,1.52,5.8,4.33,1.44,6,4.5,1.45,6.7,4.55,1.57,6.21,4.4,1.49,1.67,2.15,1.7,2.24,1.7,2.3,1.64,2.22,1,2.05,1.8,2.07,1.85,2.09,1.85,2.03,1.8,10,4.75,1.33,8.25,4.8,1.38,8,4.5,1.4,8.66,5.01,1.4,8,4.6,1.33,8.5,4.8,1.33,10,5.01,1.47,8.26,4.75,1.37,1.73,2.08,1.76,2.13,1.85,2.14,1.74,2.07,1.25,2,1.85,2.03,1.88,2.06,1.93,1.96,1.84
D2,10/12/2023,12:30,Elversberg,Nurnberg,0,1,A,0,0,D,19,10,3,3,11,13,9,4,3,4,0,0,1.95,3.75,3.6,2,3.75,3.3,2,3.75,3.4,2,3.99,3.6,2,3.75,3.1,2,3.7,3.3,2.08,3.99,3.6,2,3.81,3.39,1.57,2.35,1.59,2.47,1.59,2.47,1.56,2.38,-0.5,2,1.85,2,1.91,2.04,1.91,1.97,1.85,1.83,4,4,1.85,3.9,3.9,1.83,3.9,3.85,1.86,3.99,4.15,1.75,3.9,3.7,1.8,4,3.7,1.97,4.05,4.15,1.84,3.89,3.9,1.57,2.35,1.6,2.44,1.6,2.53,1.56,2.39,-0.75,2.05,1.75,2.09,1.81,2.13,1.83,2.05,1.77
D2,10/12/2023,12:30,Fortuna Dusseldorf,Holstein Kiel,0,1,A,0,1,A,15,12,2,6,11,10,9,3,2,0,0,0,1.91,3.75,3.75,1.93,3.9,3.5,1.95,3.8,3.55,1.99,4.05,3.59,1.91,3.8,3.3,1.95,3.8,3.4,2,4.05,3.75,1.96,3.86,3.46,1.53,2.4,1.55,2.57,1.56,2.62,1.51,2.5,-0.5,1.98,1.88,1.99,1.92,2,1.92,1.95,1.86,1.8,3.8,4.2,1.82,3.9,3.9,1.85,3.85,3.9,1.83,4.02,4.25,1.8,3.9,3.5,1.8,4,3.7,1.95,4.05,4.25,1.83,3.88,3.94,1.57,2.35,1.59,2.48,1.6,2.5,1.55,2.4,-0.5,1.78,2.03,1.83,2.08,1.87,2.12,1.82,1.99
D2,10/12/2023,12:30,Hansa Rostock,Schalke 04,0,2,A,0,0,D,3,18,0,3,16,13,3,4,1,2,1,0,2.75,3.75,2.38,2.9,3.6,2.3,2.8,3.65,2.35,2.83,3.72,2.47,2.75,3.6,2.2,2.75,3.6,2.3,2.92,3.75,2.47,2.8,3.63,2.34,1.7,2.1,1.73,2.19,1.73,2.26,1.68,2.16,0.25,1.75,2.05,1.78,2.14,1.85,2.16,1.77,2.04,3,3.6,2.25,3,3.5,2.25,3,3.55,2.25,3.19,3.54,2.32,2.8,3.5,2.2,2.9,3.6,2.2,3.2,3.65,2.43,3.02,3.52,2.26,1.83,2.03,1.83,2.05,1.86,2.13,1.78,2.02,0.25,1.88,1.98,1.91,2,1.94,2.01,1.86,1.95
D2,15/12/2023,17:30,Paderborn,Hansa Rostock,3,0,H,1,0,H,24,8,11,1,7,13,12,2,4,3,0,1,1.62,4.2,5,1.6,4.2,5.25,1.67,3.95,4.8,1.64,4.28,5.36,1.57,4,4.75,1.57,4.2,5,1.71,4.4,5.4,1.61,4.18,5.08,1.67,2.15,1.7,2.24,1.7,2.35,1.64,2.24,-1,2.03,1.83,2.07,1.85,2.12,1.88,2.02,1.8,1.57,4.33,5.5,1.57,4.33,5.25,1.63,4.1,5,1.58,4.45,5.7,1.5,4.33,5,1.55,4.33,5,1.71,4.5,5.7,1.57,4.3,5.32,1.57,2.35,1.61,2.41,1.65,2.43,1.59,2.33,-1,1.93,1.93,1.97,1.93,2.12,1.97,1.94,1.88
D2,15/12/2023,17:30,Schalke 04,Greuther Furth,2,2,D,1,0,H,12,11,8,8,14,14,2,3,4,1,1,0,2.15,3.75,3.1,2.3,3.6,2.95,2.25,3.55,3,2.24,3.63,3.28,2.15,3.5,2.88,2.15,3.5,3.1,2.3,3.75,3.28,2.21,3.56,3.08,1.73,2.08,1.8,2.09,1.8,2.18,1.74,2.07,-0.25,1.9,1.95,1.93,1.97,1.97,1.99,1.9,1.9,2.1,3.8,3.25,2.1,3.6,3.3,2.25,3.55,3.05,2.17,3.68,3.38,2.1,3.5,3,2.05,3.6,3.25,2.26,3.8,3.46,2.14,3.59,3.21,1.73,2.08,1.76,2.15,1.81,2.15,1.73,2.08,-0.25,1.85,2,1.88,2.02,1.95,2.07,1.86,1.95
D2,16/12/2023,12:00,Hertha,Osnabruck,0,0,D,0,0,D,12,8,6,2,18,16,4,7,3,3,1,0,1.44,4.75,6.5,1.44,4.8,6.25,1.43,4.9,6.5,1.45,4.97,7.01,1.36,4.75,6.5,1.4,4.8,6.5,1.45,5,7.01,1.43,4.81,6.54,1.5,2.5,1.56,2.54,1.56,2.75,1.49,2.55,-1.25,1.93,1.93,1.96,1.94,1.96,1.99,1.9,1.9,1.5,4.75,5.25,1.52,4.75,5.5,1.5,4.7,5.75,1.53,4.86,5.75,1.4,4.6,6,1.5,4.6,5.25,1.53,5.06,6.81,1.48,4.72,5.8,1.44,2.7,1.5,2.8,1.53,2.83,1.46,2.64,-1.25,2.03,1.78,2.12,1.79,2.16,1.96,2.01,1.8
D2,16/12/2023,12:00,Magdeburg,Fortuna Dusseldorf,2,3,A,2,0,H,19,12,6,5,9,17,7,2,2,3,0,0,2.4,3.75,2.7,2.45,3.8,2.6,2.45,3.7,2.65,2.5,3.87,2.71,2.3,3.8,2.5,2.38,3.75,2.6,2.5,3.95,2.71,2.42,3.75,2.63,1.57,2.35,1.59,2.48,1.59,2.55,1.54,2.43,0,1.85,2,1.88,2.03,1.88,2.06,1.82,1.99,2.55,3.75,2.6,2.6,3.7,2.5,2.6,3.65,2.5,2.54,3.78,2.71,2.4,3.7,2.45,2.45,3.7,2.5,2.75,3.8,2.71,2.57,3.67,2.53,1.57,2.35,1.61,2.44,1.63,2.45,1.56,2.37,0,1.88,1.98,1.89,2.02,1.98,2.02,1.92,1.89
D2,16/12/2023,12:00,Nurnberg,Hamburg,0,2,A,0,0,D,12,14,2,4,9,18,4,6,1,5,0,0,3.2,3.8,2.1,3,3.9,2.1,3.05,3.85,2.15,3.14,4.29,2.09,2.88,4,2,3,3.9,2.05,3.2,4.3,2.15,3.06,4,2.07,1.48,2.6,1.5,2.7,1.5,2.88,1.45,2.66,0.25,2.03,1.83,2.06,1.86,2.06,1.89,1.98,1.82,3.25,4.2,1.95,3.3,4,1.98,3.25,3.95,2.05,3.36,4.07,2.06,3.1,4,1.91,3.2,4,1.95,3.46,4.2,2.06,3.32,4.04,1.96,1.44,2.7,1.48,2.76,1.48,2.81,1.44,2.71,0.5,1.85,2,1.85,2.06,1.95,2.06,1.85,1.96
D2,16/12/2023,19:30,Holstein Kiel,Hannover,3,0,H,3,0,H,11,11,6,1,11,12,2,4,2,2,0,1,2.25,3.6,3,2.25,3.7,2.9,2.25,3.65,2.95,2.33,3.85,2.96,2.2,3.7,2.7,2.25,3.75,2.8,2.33,3.85,3,2.26,3.68,2.89,1.65,2.2,1.7,2.24,1.7,2.3,1.64,2.22,-0.25,2,1.85,2.04,1.88,2.04,1.91,1.97,1.83,2.25,3.6,3,2.3,3.5,2.95,2.3,3.55,3,2.27,3.66,3.18,2.2,3.5,2.8,2.2,3.6,2.9,2.35,3.66,3.21,2.23,3.56,3.04,1.73,2.08,1.76,2.14,1.85,2.17,1.74,2.07,-0.25,1.93,1.93,1.97,1.93,2.02,1.95,1.92,1.89
D2,17/12/2023,12:30,Braunschweig,Kaiserslautern,2,1,H,1,1,D,17,11,6,0,7,11,4,6,1,3,0,0,2.88,3.4,2.5,2.65,3.5,2.5,2.75,3.45,2.45,2.84,3.62,2.5,2.6,3.5,2.38,2.7,3.4,2.45,2.88,3.65,2.6,2.73,3.49,2.46,1.83,2.03,1.82,2.06,1.83,2.1,1.77,2.02,0,2.05,1.8,2.09,1.83,2.09,1.91,2.01,1.81,2.8,3.5,2.4,2.8,3.4,2.5,2.75,3.45,2.5,2.91,3.42,2.55,2.62,3.4,2.38,2.75,3.4,2.4,2.91,3.5,2.57,2.78,3.38,2.48,1.88,1.98,1.89,2,2.02,2.05,1.86,1.92,0,2.05,1.8,2.09,1.83,2.11,1.85,2.02,1.8
D2,17/12/2023,12:30,Karlsruhe,Elversberg,3,2,H,2,1,H,17,11,7,5,9,14,5,1,2,2,0,0,2.15,3.8,3.1,2.1,3.8,3.1,2.15,3.8,3.05,2.22,3.9,3.12,2,3.9,3,2.1,3.8,3,2.22,4.05,3.15,2.13,3.81,3.04,1.57,2.35,1.58,2.5,1.58,2.55,1.53,2.44,-0.25,1.93,1.93,1.94,1.96,1.97,1.98,1.87,1.94,2.3,3.8,2.8,2.35,3.7,2.75,2.3,3.75,2.8,2.37,3.83,2.9,2.15,3.7,2.8,2.25,3.8,2.7,2.38,3.85,3.05,2.29,3.74,2.81,1.53,2.4,1.56,2.52,1.63,2.55,1.54,2.42,-0.25,2.03,1.83,2.07,1.85,2.11,1.91,2,1.81
D2,17/12/2023,12:30,St Pauli,Wehen,1,1,D,0,0,D,28,5,5,2,8,9,12,2,2,3,0,0,1.33,5.25,9,1.35,5.25,8.25,1.35,5.25,8,1.35,5.59,8.99,1.3,5,8,1.33,5.25,8,1.37,5.59,9,1.34,5.19,8.3,1.57,2.35,1.58,2.48,1.58,2.48,1.55,2.39,-1.5,1.98,1.88,2,1.9,2.02,1.9,1.96,1.84,1.29,5.75,11,1.28,6,10.5,1.43,4.5,7.5,1.28,6.3,10.29,1.25,5.5,9.5,1.25,5.75,10,1.43,6.3,11,1.28,5.74,9.83,1.48,2.6,1.5,2.65,1.55,2.72,1.49,2.54,-1.75,2,1.85,2.01,1.88,2.08,1.9,1.99,1.82
D2,19/01/2024,17:30,Holstein Kiel,Braunschweig,1,2,A,1,1,D,22,15,9,5,12,6,6,3,1,2,0,0,1.73,3.8,4.75,1.71,3.9,4.6,,,,1.73,4.03,4.91,1.62,4,4.33,1.67,4,4.4,1.76,4.05,4.97,1.71,3.87,4.59,1.7,2.1,1.73,2.2,1.75,2.21,1.7,2.12,-0.75,1.9,1.95,1.93,1.97,1.95,2,1.88,1.9,1.75,3.8,4.33,1.77,3.8,4.4,,,,1.83,3.78,4.58,1.65,4,4.2,1.75,3.8,4.1,1.83,4,4.75,1.76,3.8,4.34,1.73,2.08,1.76,2.14,1.76,2.19,1.72,2.09,-0.75,2.05,1.8,2.08,1.84,2.08,1.9,1.95,1.85
D2,19/01/2024,17:30,Karlsruhe,Osnabruck,2,1,H,1,1,D,16,14,4,4,13,10,7,2,1,2,0,0,1.57,4.33,5.5,1.57,4.33,5.25,,,,1.6,4.43,5.54,1.5,4.33,5,1.55,4.2,5.25,1.6,4.43,5.54,1.57,4.32,5.23,1.57,2.35,1.63,2.38,1.63,2.45,1.58,2.34,-1,1.98,1.88,1.99,1.92,2,1.92,1.94,1.88,1.57,4.33,5.25,1.62,4.2,5,,,,1.63,4.3,5.42,1.55,4.2,4.75,1.6,4.2,4.8,1.64,4.35,5.52,1.59,4.23,5.05,1.57,2.35,1.61,2.43,1.61,2.49,1.57,2.36,-1,1.98,1.88,2.04,1.87,2.06,1.92,1.98,1.83
D2,20/01/2024,12:00,Elversberg,Hannover,2,2,D,0,1,A,8,9,2,3,6,12,6,4,1,0,0,0,2.45,3.5,2.8,2.3,3.6,2.85,,,,2.5,3.47,2.94,2.25,3.5,2.75,2.38,3.5,2.7,2.5,3.62,2.94,2.4,3.48,2.79,1.7,2.1,1.74,2.18,1.74,2.2,1.69,2.13,0,1.78,2.1,1.81,2.12,1.81,2.12,1.78,2.06,2,3.6,3.5,2,3.6,3.5,,,,2.02,3.69,3.82,1.95,3.5,3.4,2,3.5,3.5,2.35,3.7,3.85,2.02,3.55,3.52,1.8,2,1.79,2.09,1.84,2.16,1.76,2.04,-0.5,1.98,1.88,2.02,1.89,2.05,1.94,2,1.82
D2,20/01/2024,12:00,Nurnberg,Hansa Rostock,3,0,H,2,0,H,8,9,4,2,7,18,2,5,0,0,0,0,1.95,3.6,3.8,1.88,3.8,3.8,,,,1.96,3.78,3.94,1.83,3.7,3.6,1.9,3.7,3.6,1.96,3.8,3.94,1.92,3.7,3.7,1.73,2.08,1.76,2.15,1.78,2.2,1.72,2.09,-0.5,1.93,1.93,1.96,1.94,1.96,1.94,1.91,1.89,1.91,3.75,4,1.93,3.7,3.7,,,,1.92,3.72,4.19,1.91,3.6,3.5,1.87,3.7,3.7,1.96,3.81,4.19,1.91,3.67,3.8,1.7,2.1,1.74,2.17,1.8,2.23,1.7,2.13,-0.5,1.9,1.95,1.92,1.99,1.95,1.99,1.89,1.91
D2,20/01/2024,12:00,St Pauli,Kaiserslautern,2,0,H,1,0,H,20,13,9,3,7,10,4,4,3,2,0,0,1.45,4.5,7,1.47,4.5,6.5,,,,1.5,4.69,6.63,1.4,4.6,6.5,1.44,4.5,6,1.5,4.69,7,1.46,4.49,6.39,1.67,2.15,1.7,2.22,1.71,2.25,1.66,2.18,-1.25,2.03,1.83,2.08,1.84,2.08,1.85,2.01,1.8,1.45,4.5,6.5,1.47,4.4,6.5,,,,1.49,4.65,6.89,1.4,4.4,6.5,1.44,4.4,6.5,1.53,4.65,6.89,1.47,4.43,6.47,1.73,2.08,1.77,2.12,1.79,2.22,1.72,2.09,-1,1.73,2.08,1.78,2.13,1.85,2.13,1.78,2.06
D2,20/01/2024,19:30,Schalke 04,Hamburg,0,2,A,0,2,A,27,8,4,6,13,10,11,5,3,2,0,0,2.63,3.75,2.45,2.6,3.8,2.45,,,,2.67,3.94,2.5,2.45,3.75,2.38,2.6,3.7,2.4,2.67,3.94,2.5,2.59,3.79,2.43,1.48,2.6,1.48,2.75,1.48,2.78,1.45,2.67,0,2,1.85,2.02,1.88,2.02,1.89,1.97,1.85,2.63,3.75,2.5,2.65,3.75,2.4,,,,2.68,3.83,2.54,2.5,3.8,2.3,2.55,3.8,2.38,2.83,3.86,2.54,2.63,3.76,2.42,1.48,2.6,1.52,2.62,1.52,2.75,1.47,2.59,0,2.03,1.83,2.01,1.9,2.08,1.9,1.98,1.85
D2,21/01/2024,12:30,Hertha,Fortuna Dusseldorf,2,2,D,2,1,H,10,9,4,2,22,13,1,4,6,1,0,0,2.45,3.6,2.75,2.4,3.7,2.65,,,,2.52,3.8,2.71,2.3,3.7,2.6,2.45,3.6,2.63,2.52,3.8,2.75,2.42,3.67,2.65,1.6,2.3,1.62,2.4,1.62,2.48,1.56,2.37,0,1.85,2,1.88,2.03,1.88,2.03,1.82,1.99,2.8,3.5,2.45,2.65,3.6,2.5,,,,2.83,3.69,2.48,2.6,3.6,2.3,2.7,3.5,2.38,2.84,3.78,2.55,2.71,3.58,2.42,1.62,2.25,1.66,2.32,1.69,2.48,1.59,2.3,0,2.05,1.8,2.09,1.83,2.13,1.84,2.03,1.8
D2,21/01/2024,12:30,Magdeburg,Wehen,1,0,H,0,0,D,12,9,3,3,12,15,9,1,3,5,0,1,1.67,4.33,4.5,1.66,4.33,4.5,,,,1.7,4.28,4.81,1.6,4.2,4.33,1.65,4.2,4.4,1.7,4.33,4.81,1.65,4.25,4.51,1.53,2.4,1.55,2.58,1.55,2.58,1.51,2.48,-0.75,1.85,2,1.88,2.03,1.88,2.05,1.82,1.99,1.62,4.5,4.75,1.68,4.2,4.4,,,,1.66,4.25,5.2,1.6,4.2,4.33,1.62,4.33,4.5,1.7,4.57,5.2,1.64,4.25,4.63,1.5,2.5,1.54,2.61,1.55,2.69,1.5,2.5,-0.75,1.78,2.03,1.83,2.1,1.83,2.12,1.79,2.02
D2,21/01/2024,12:30,Paderborn,Greuther Furth,0,1,A,0,1,A,17,13,8,3,8,11,6,5,1,2,0,0,2.2,3.75,3,2.3,3.75,2.8,,,,2.27,3.77,3.1,2.15,3.7,2.75,2.2,3.7,2.9,2.3,3.77,3.11,2.23,3.69,2.92,1.6,2.3,1.63,2.38,1.63,2.38,1.59,2.31,-0.25,1.95,1.9,1.98,1.93,2,1.93,1.93,1.87,2.3,3.75,2.88,2.3,3.6,2.9,,,,2.41,3.66,2.95,2.2,3.6,2.75,2.38,3.6,2.7,2.42,3.77,3.09,2.3,3.62,2.86,1.62,2.25,1.65,2.35,1.66,2.4,1.61,2.28,-0.25,2.05,1.8,2.09,1.83,2.1,1.93,2,1.82
D2,26/01/2024,17:30,Hannover,Nurnberg,3,0,H,2,0,H,30,12,11,1,14,8,7,5,2,1,0,0,1.8,3.75,4.2,1.85,3.8,3.9,,,,1.91,3.69,4.26,1.8,3.75,3.75,1.83,3.8,3.75,1.91,3.95,4.26,1.86,3.72,3.95,1.7,2.1,1.72,2.2,1.75,2.25,1.7,2.13,-0.5,1.88,1.98,1.91,2,1.92,2.02,1.85,1.96,1.83,3.8,4.2,1.82,3.8,4.1,,,,1.87,3.69,4.46,1.75,3.8,3.8,1.85,3.7,3.8,1.95,4,4.51,1.85,3.71,4.03,1.67,2.15,1.71,2.23,1.72,2.29,1.68,2.16,-0.5,1.83,2.03,1.87,2.04,1.94,2.08,1.85,1.96
D2,26/01/2024,17:30,Kaiserslautern,Schalke 04,4,1,H,1,0,H,15,11,6,5,14,13,4,1,1,3,0,0,2.45,3.75,2.7,2.4,3.6,2.75,,,,2.6,3.56,2.77,2.38,3.5,2.6,2.4,3.6,2.63,2.6,3.75,2.8,2.46,3.54,2.7,1.73,2.08,1.76,2.15,1.77,2.22,1.7,2.13,0,1.85,2,1.89,2.02,1.91,2.05,1.84,1.99,2.6,3.75,2.5,2.65,3.6,2.5,,,,2.77,3.65,2.55,2.45,3.5,2.5,2.55,3.5,2.5,2.81,3.8,2.64,2.63,3.56,2.51,1.67,2.15,1.69,2.27,1.74,2.31,1.66,2.2,0,2,1.85,2.04,1.88,2.08,1.95,1.97,1.86
D2,27/01/2024,12:00,Hansa Rostock,Elversberg,2,1,H,0,1,A,11,21,4,2,14,9,2,11,2,3,0,1,3,3.6,2.3,2.8,3.6,2.35,,,,2.98,3.65,2.39,2.7,3.6,2.25,2.75,3.6,2.3,3,3.7,2.4,2.83,3.57,2.33,1.7,2.1,1.75,2.17,1.75,2.23,1.69,2.14,0.25,1.83,2.03,1.85,2.07,1.85,2.09,1.8,2.01,3.2,3.5,2.2,3.1,3.4,2.25,,,,3.31,3.48,2.29,3,3.4,2.15,3.1,3.3,2.25,3.31,3.56,2.38,3.14,3.39,2.24,1.98,1.88,1.94,1.94,1.99,2.16,1.89,1.9,0.25,1.93,1.93,1.93,1.97,1.98,1.99,1.89,1.92
D2,27/01/2024,12:00,Osnabruck,Paderborn,0,0,D,0,0,D,17,8,2,2,9,15,11,6,3,4,0,1,3.3,3.8,2.05,3.25,3.8,2.05,,,,3.49,3.69,2.12,3.1,3.8,1.95,3.13,3.8,2.05,3.49,3.95,2.12,3.27,3.75,2.04,1.53,2.4,1.59,2.46,1.59,2.65,1.52,2.46,0.5,1.78,2.03,1.8,2.11,1.85,2.11,1.78,2.03,3.4,3.8,2,3.3,3.7,2.05,,,,3.6,3.88,2.03,3.2,3.7,1.95,3.25,3.7,2,3.6,3.88,2.11,3.34,3.74,2.03,1.62,2.25,1.64,2.36,1.66,2.48,1.58,2.33,0.5,1.83,2.03,1.88,2.03,1.93,2.11,1.81,2.02
D2,27/01/2024,12:00,Wehen,Hertha,3,1,H,1,0,H,17,15,7,7,8,7,3,10,0,2,0,0,3,3.6,2.25,2.9,3.8,2.2,,,,3,3.78,2.33,2.75,3.8,2.15,2.88,3.7,2.2,3,3.9,2.33,2.88,3.71,2.24,1.6,2.3,1.61,2.43,1.61,2.5,1.55,2.38,0.25,1.88,1.98,1.88,2.03,1.9,2.04,1.85,1.95,2.75,3.4,2.55,2.7,3.4,2.5,,,,2.81,3.48,2.6,2.62,3.6,2.3,2.75,3.4,2.38,2.87,3.71,2.6,2.74,3.44,2.46,1.88,1.98,1.85,2.04,1.93,2.33,1.79,2.02,0,2.03,1.83,2.03,1.88,2.09,1.88,2.02,1.81
D2,27/01/2024,19:30,Fortuna Dusseldorf,St Pauli,1,2,A,0,2,A,11,14,4,8,12,10,2,4,2,2,0,0,2.75,3.4,2.5,2.7,3.5,2.5,,,,2.76,3.61,2.58,2.62,3.4,2.38,2.63,3.5,2.45,2.85,3.61,2.58,2.71,3.47,2.47,1.85,2,1.87,2.02,1.87,2.08,1.8,1.99,0,2,1.85,2.02,1.88,2.1,1.92,2,1.83,3,3.4,2.38,2.9,3.4,2.37,,,,3.09,3.48,2.4,2.7,3.4,2.3,2.8,3.5,2.3,3.09,3.58,2.45,2.95,3.37,2.36,1.85,2,1.82,2.07,2.06,2.07,1.84,1.95,0.25,1.8,2.05,1.85,2.07,1.85,2.08,1.8,2.03
D2,28/01/2024,12:30,Braunschweig,Magdeburg,1,0,H,1,0,H,14,8,7,4,8,15,3,2,1,5,0,1,2.63,3.6,2.5,2.65,3.6,2.45,,,,2.73,3.64,2.59,2.5,3.6,2.38,2.6,3.6,2.45,2.73,3.65,2.59,2.63,3.57,2.48,1.7,2.1,1.74,2.15,1.76,2.25,1.69,2.13,0,1.98,1.88,2,1.91,2.02,1.91,1.96,1.86,2.38,3.6,2.75,2.35,3.5,2.87,,,,2.49,3.54,2.92,2.2,3.5,2.8,2.38,3.5,2.7,2.69,3.69,3.1,2.39,3.5,2.82,1.73,2.08,1.78,2.13,1.8,2.19,1.72,2.1,-0.25,2.1,1.78,2.14,1.78,2.25,1.94,2.05,1.78
D2,28/01/2024,12:30,Greuther Furth,Holstein Kiel,2,1,H,0,0,D,22,11,6,2,9,15,10,5,3,5,0,0,2.05,3.75,3.4,2.05,3.7,3.3,,,,2.11,3.7,3.53,1.91,3.8,3.25,2,3.7,3.3,2.11,3.9,3.53,2.03,3.68,3.34,1.62,2.25,1.66,2.32,1.66,2.38,1.6,2.3,-0.5,2.03,1.78,2.1,1.81,2.11,1.85,2.02,1.79,1.95,3.75,3.75,1.98,3.7,3.6,,,,2.03,3.7,3.74,1.91,3.6,3.4,1.95,3.7,3.4,2.06,3.81,3.75,1.98,3.67,3.55,1.67,2.15,1.7,2.24,1.75,2.33,1.65,2.21,-0.5,2,1.85,2.03,1.88,2.04,1.91,1.96,1.85
D2,28/01/2024,12:30,Hamburg,Karlsruhe,3,4,A,2,2,D,18,13,10,6,8,11,11,2,1,2,0,0,1.65,4.2,4.75,1.6,4.6,4.6,,,,1.68,4.53,4.7,1.57,4.5,4.2,1.62,4.5,4.4,1.68,4.7,4.75,1.64,4.39,4.45,1.4,2.88,1.41,3,1.41,3.25,1.36,3.01,-1,2.03,1.83,2.07,1.82,2.12,1.87,2.02,1.8,1.53,4.5,5.75,1.55,4.6,5.25,,,,1.57,4.8,5.32,1.5,4.6,5,1.53,4.5,5,1.66,4.84,6.19,1.55,4.56,5.15,1.36,3.1,1.38,3.18,1.41,3.38,1.36,3.05,-1,1.88,1.98,1.9,2.01,2.04,2.08,1.87,1.96
D2,02/02/2024,17:30,Karlsruhe,Wehen,2,2,D,1,0,H,11,22,4,7,8,8,4,3,1,2,0,0,1.67,4.2,4.75,1.68,4.2,4.5,,,,1.7,4.4,4.67,1.57,4.2,4.5,1.62,4.33,4.4,1.7,4.4,4.75,1.65,4.26,4.58,1.5,2.5,1.53,2.63,1.53,2.63,1.49,2.55,-0.75,1.83,2.03,1.88,2.04,1.88,2.07,1.82,2.01,1.73,4,4.5,1.71,4.2,4.33,,,,1.76,4.18,4.52,1.65,4.2,4,1.67,4.2,4.2,1.76,4.34,4.6,1.69,4.18,4.4,1.53,2.4,1.56,2.56,1.56,2.65,1.51,2.5,-0.75,1.9,1.95,1.95,1.95,1.95,2.02,1.87,1.95
D2,02/02/2024,17:30,Magdeburg,Holstein Kiel,1,1,D,0,1,A,21,8,9,3,7,12,12,4,2,3,0,0,2.55,3.6,2.6,2.4,3.7,2.65,,,,2.63,3.73,2.63,2.45,3.7,2.4,2.45,3.6,2.55,2.63,3.84,2.75,2.5,3.67,2.58,1.53,2.4,1.56,2.56,1.56,2.58,1.52,2.48,0,1.9,1.95,1.93,1.98,1.95,2.07,1.88,1.94,2.38,3.5,2.8,2.4,3.5,2.8,,,,2.46,3.64,2.88,2.2,3.7,2.7,2.3,3.7,2.7,2.5,3.83,2.9,2.36,3.61,2.8,1.6,2.3,1.62,2.4,1.62,2.6,1.56,2.39,-0.25,2.1,1.78,2.13,1.79,2.13,1.82,2.05,1.78
D2,03/02/2024,12:00,Nurnberg,Osnabruck,2,2,D,1,1,D,15,20,8,7,11,10,5,6,3,2,0,0,1.8,4,4.2,1.8,3.9,4.1,,,,1.83,3.91,4.37,1.73,3.9,3.8,1.75,3.9,4,1.84,4.09,4.37,1.8,3.86,4.06,1.65,2.2,1.68,2.29,1.69,2.3,1.64,2.23,-0.75,2.03,1.83,2.07,1.85,2.07,1.86,2.01,1.81,2.05,3.75,3.4,1.98,3.7,3.6,,,,2.12,3.67,3.52,1.91,3.7,3.3,2,3.7,3.3,2.12,4.01,4.04,1.99,3.68,3.54,1.67,2.15,1.7,2.24,1.71,2.29,1.66,2.21,-0.5,2.03,1.78,2.11,1.8,2.12,1.9,1.99,1.83
D2,03/02/2024,12:00,Schalke 04,Braunschweig,1,0,H,0,0,D,18,8,7,1,8,7,3,5,2,2,0,0,1.8,3.8,4,1.87,3.8,3.8,,,,1.85,3.96,4.24,1.73,3.9,3.8,1.75,3.9,4,1.87,4.05,4.3,1.81,3.86,3.98,1.65,2.2,1.68,2.29,1.71,2.29,1.64,2.24,-0.75,2.03,1.78,2.07,1.83,2.11,1.83,2.03,1.79,1.85,3.5,4,1.88,3.5,4.1,,,,1.87,3.71,4.42,1.8,3.7,3.7,1.91,3.5,3.75,2,3.73,4.42,1.9,3.57,4,1.93,1.93,1.92,1.97,1.99,2.03,1.88,1.91,-0.5,1.85,2,1.87,2.04,1.99,2.04,1.87,1.96
D2,03/02/2024,12:00,St Pauli,Greuther Furth,3,2,H,2,1,H,19,7,13,3,17,17,7,3,1,2,0,0,1.73,4,4.5,1.71,4,4.5,,,,1.78,3.94,4.71,1.65,3.9,4.4,1.7,3.9,4.33,1.78,4.1,4.75,1.73,3.87,4.46,1.75,2.05,1.86,2.04,1.86,2.13,1.77,2.03,-0.75,1.95,1.9,2,1.91,2,1.95,1.93,1.89,1.6,4.2,5.5,1.61,4,5.5,,,,1.63,4,6.05,1.53,4,5.5,1.57,3.9,5.5,1.83,4.23,6.05,1.63,3.91,5.41,1.85,2,1.88,2,1.92,2.08,1.83,1.97,-0.75,1.75,2.05,1.78,2.13,1.85,2.17,1.79,2.05
D2,03/02/2024,19:30,Hertha,Hamburg,1,2,A,0,0,D,7,16,3,5,21,13,4,6,5,2,0,0,3.25,3.6,2.1,2.9,3.9,2.2,,,,3.19,3.87,2.19,2.88,3.8,2.05,3,3.8,2.1,3.25,4.05,2.23,3,3.79,2.14,1.48,2.6,1.5,2.68,1.5,2.78,1.45,2.67,0.25,2,1.85,1.99,1.92,2,1.96,1.94,1.87,2.8,3.6,2.4,2.75,3.75,2.3,,,,2.91,3.8,2.38,2.7,3.7,2.2,2.7,3.7,2.3,3.09,3.85,2.4,2.8,3.68,2.32,1.5,2.5,1.49,2.74,1.5,2.88,1.45,2.68,0.25,1.75,2.05,1.84,2.08,1.87,2.14,1.81,2.02
D2,04/02/2024,12:30,Elversberg,Kaiserslautern,2,1,H,1,1,D,8,13,4,3,11,10,3,4,3,1,0,0,2.15,3.6,3.25,2.05,3.75,3.25,,,,2.22,3.69,3.26,2.05,3.6,3,2.1,3.7,3.1,2.22,3.85,3.3,2.12,3.68,3.15,1.62,2.25,1.66,2.31,1.67,2.38,1.61,2.28,-0.25,1.88,1.98,1.93,1.98,1.93,2.05,1.86,1.96,2.2,3.6,3.1,2.2,3.6,3,,,,2.32,3.58,3.14,2.15,3.6,2.88,2.2,3.7,2.88,2.32,3.77,3.14,2.22,3.58,3,1.7,2.1,1.7,2.25,1.72,2.33,1.65,2.22,-0.25,1.98,1.88,2.01,1.9,2.02,1.92,1.94,1.88
D2,04/02/2024,12:30,Hannover,Hansa Rostock,2,1,H,1,1,D,15,10,5,4,13,13,6,6,4,2,1,0,1.57,4,6,1.6,4.1,5.25,,,,1.61,4.25,5.77,1.53,4.2,5,1.55,4.2,5.25,1.64,4.3,6,1.59,4.07,5.35,1.73,2.08,1.81,2.08,1.81,2.2,1.74,2.07,-1,1.98,1.88,2.04,1.87,2.12,1.91,2,1.83,1.5,4.33,7,1.5,4.4,6.25,,,,1.53,4.38,6.71,1.44,4.33,6,1.5,4.33,5.75,1.55,4.6,7.03,1.49,4.37,6.35,1.7,2.1,1.74,2.17,1.76,2.19,1.71,2.13,-1,1.85,2,1.88,2.02,1.92,2.1,1.82,2.02
D2,04/02/2024,12:30,Paderborn,Fortuna Dusseldorf,4,3,H,3,0,H,11,13,4,6,8,10,5,7,1,1,0,0,2.6,3.6,2.6,2.55,3.7,2.55,,,,2.62,3.68,2.68,2.45,3.7,2.4,2.5,3.6,2.55,2.62,3.8,2.68,2.53,3.65,2.55,1.57,2.35,1.6,2.44,1.6,2.55,1.55,2.41,0,1.93,1.93,1.93,1.97,1.95,1.97,1.9,1.91,2.55,3.5,2.7,2.55,3.5,2.6,,,,2.62,3.52,2.76,2.38,3.6,2.5,2.45,3.6,2.55,2.66,3.75,2.76,2.54,3.52,2.61,1.73,2.08,1.74,2.18,1.8,2.41,1.69,2.15,0,1.88,1.98,1.9,2.01,1.94,2.01,1.89,1.94
